日期,信号,代码,现价,涨幅,止损,策略,参组,参数,名称,周期
2026-06-08 00:00:00,Long,CFR,146.11,4.25%,134.04,utb,参数一,"{""utb"": {""key_value"": 2, ""atr_period"": 14, ""use_ha"": false}, ""r&s"": {""srb_left"": 10, ""srb_right"": 10}, ""atr"": {""atr_length"": 14, ""atr_mult"": 1.0}}",CULLEN/FROST BANKERS INC,1WK
2026-06-08 00:00:00,Long,CCS,60.66,9.22%,49.64,utb,参数一,"{""utb"": {""key_value"": 2, ""atr_period"": 14, ""use_ha"": false}, ""r&s"": {""srb_left"": 10, ""srb_right"": 10}, ""atr"": {""atr_length"": 14, ""atr_mult"": 1.0}}",CENTURY COMMUNITIES INC,1WK
2026-06-08 00:00:00,Long,CCS,60.66,9.22%,49.64,mfa,参数一,"{""utb"": {""key_value"": 2, ""atr_period"": 14, ""use_ha"": false}, ""mfa"": {""mfa_all"": 14}}",CENTURY COMMUNITIES INC,1WK
2026-06-08 00:00:00,Long,UBSI,44.98,2.46%,41.77,utb,参数二,"{""utb"": {""key_value"": 3, ""atr_period"": 14, ""use_ha"": false}, ""r&s"": {""srb_left"": 15, ""srb_right"": 15}, ""atr"": {""atr_length"": 14, ""atr_mult"": 1.0}}",UNITED BANKSHARES INC,1WK
2026-06-08 00:00:00,Long,JNJ,238.33,2.39%,220.64,utb,参数一,"{""utb"": {""key_value"": 2, ""atr_period"": 14, ""use_ha"": false}, ""r&s"": {""srb_left"": 10, ""srb_right"": 10}, ""atr"": {""atr_length"": 14, ""atr_mult"": 1.0}}",JOHNSON & JOHNSON,1WK
2026-06-08 00:00:00,Long,FFBC,31.78,3.86%,29.32,utb,参数二,"{""utb"": {""key_value"": 3, ""atr_period"": 14, ""use_ha"": false}, ""r&s"": {""srb_left"": 15, ""srb_right"": 15}, ""atr"": {""atr_length"": 14, ""atr_mult"": 1.0}}",FIRST FINANCIAL BANCORP,1WK
2026-06-08 00:00:00,Short,TRU,65.7,-7.02%,77.21,utb,参数一,"{""utb"": {""key_value"": 2, ""atr_period"": 14, ""use_ha"": false}, ""r&s"": {""srb_left"": 10, ""srb_right"": 10}, ""atr"": {""atr_length"": 14, ""atr_mult"": 1.0}}",TRANSUNION,1WK
2026-06-08 00:00:00,Long,CHRW,191.11,4.17%,166.11,utb,参数一,"{""utb"": {""key_value"": 2, ""atr_period"": 14, ""use_ha"": false}, ""r&s"": {""srb_left"": 10, ""srb_right"": 10}, ""atr"": {""atr_length"": 14, ""atr_mult"": 1.0}}",C.H. ROBINSON WORLDWIDE INC,1WK
2026-06-08 00:00:00,Short,AMZN,241.51,-1.84%,266.25,utb,参数一,"{""utb"": {""key_value"": 2, ""atr_period"": 14, ""use_ha"": false}, ""r&s"": {""srb_left"": 10, ""srb_right"": 10}, ""atr"": {""atr_length"": 14, ""atr_mult"": 1.0}}",AMAZON.COM INC,1WK
2026-06-08 00:00:00,Short,ANNX,4.7,-11.15%,6.26,utb,参数一,"{""utb"": {""key_value"": 2, ""atr_period"": 14, ""use_ha"": false}, ""r&s"": {""srb_left"": 10, ""srb_right"": 10}, ""atr"": {""atr_length"": 14, ""atr_mult"": 1.0}}",ANNEXON INC,1WK
2026-06-08 00:00:00,Long,M,25.04,13.00%,19.76,utb,参数二,"{""utb"": {""key_value"": 3, ""atr_period"": 14, ""use_ha"": false}, ""r&s"": {""srb_left"": 15, ""srb_right"": 15}, ""atr"": {""atr_length"": 14, ""atr_mult"": 1.0}}",MACY'S INC,1WK
2026-06-08 00:00:00,Long,SNA,384.67,1.29%,361.47,utb,参数一,"{""utb"": {""key_value"": 2, ""atr_period"": 14, ""use_ha"": false}, ""r&s"": {""srb_left"": 10, ""srb_right"": 10}, ""atr"": {""atr_length"": 14, ""atr_mult"": 1.0}}",SNAP-ON INC,1WK
2026-06-08 00:00:00,Long,CHCO,128.54,1.39%,120.82,utb,参数一,"{""utb"": {""key_value"": 2, ""atr_period"": 14, ""use_ha"": false}, ""r&s"": {""srb_left"": 10, ""srb_right"": 10}, ""atr"": {""atr_length"": 14, ""atr_mult"": 1.0}}",CITY HOLDING CO,1WK
2026-06-08 00:00:00,Long,CHCO,128.54,1.39%,120.82,mfa,参数一,"{""utb"": {""key_value"": 2, ""atr_period"": 14, ""use_ha"": false}, ""mfa"": {""mfa_all"": 15}}",CITY HOLDING CO,1WK
2026-06-08 00:00:00,Long,CRI,41.58,8.88%,34.3,utb,参数一,"{""utb"": {""key_value"": 2, ""atr_period"": 14, ""use_ha"": false}, ""r&s"": {""srb_left"": 10, ""srb_right"": 10}, ""atr"": {""atr_length"": 14, ""atr_mult"": 1.0}}",CARTER'S INC,1WK
2026-06-08 00:00:00,Long,CPOP,1.05,293.26%,0.01,utb,参数一,"{""utb"": {""key_value"": 2, ""atr_period"": 14, ""use_ha"": false}, ""r&s"": {""srb_left"": 10, ""srb_right"": 10}, ""atr"": {""atr_length"": 14, ""atr_mult"": 1.0}}",POP CULTURE GROUP CO LTD-A,1WK
2026-06-08 00:00:00,Long,CPOP,1.05,293.26%,0.01,mfa,参数一,"{""utb"": {""key_value"": 2, ""atr_period"": 14, ""use_ha"": false}, ""mfa"": {""mfa_all"": 20}}",POP CULTURE GROUP CO LTD-A,1WK
2026-06-08 00:00:00,Long,CPOP,1.05,293.26%,0.01,utb,参数二,"{""utb"": {""key_value"": 3, ""atr_period"": 14, ""use_ha"": false}, ""r&s"": {""srb_left"": 15, ""srb_right"": 15}, ""atr"": {""atr_length"": 14, ""atr_mult"": 1.0}}",POP CULTURE GROUP CO LTD-A,1WK
2026-06-08 00:00:00,Long,CPOP,1.05,293.26%,0.01,mfa,参数二,"{""utb"": {""key_value"": 3, ""atr_period"": 14, ""use_ha"": false}, ""mfa"": {""mfa_all"": 20}}",POP CULTURE GROUP CO LTD-A,1WK
2026-06-08 00:00:00,Long,BFLY,5.68,24.29%,3.82,utb,参数一,"{""utb"": {""key_value"": 2, ""atr_period"": 14, ""use_ha"": false}, ""r&s"": {""srb_left"": 10, ""srb_right"": 10}, ""atr"": {""atr_length"": 14, ""atr_mult"": 1.0}}",BUTTERFLY NETWORK INC,1WK
2026-06-08 00:00:00,Long,KMX,51.57,9.37%,41.53,utb,参数二,"{""utb"": {""key_value"": 3, ""atr_period"": 14, ""use_ha"": false}, ""r&s"": {""srb_left"": 15, ""srb_right"": 15}, ""atr"": {""atr_length"": 14, ""atr_mult"": 1.0}}",CARMAX INC,1WK
2026-06-08 00:00:00,Short,S,14.76,-7.46%,17.71,utb,参数一,"{""utb"": {""key_value"": 2, ""atr_period"": 14, ""use_ha"": false}, ""r&s"": {""srb_left"": 10, ""srb_right"": 10}, ""atr"": {""atr_length"": 14, ""atr_mult"": 1.0}}",SENTINELONE INC -CLASS A,1WK
2026-06-08 00:00:00,Long,JHX,23.89,5.43%,20.0,utb,参数二,"{""utb"": {""key_value"": 3, ""atr_period"": 14, ""use_ha"": false}, ""r&s"": {""srb_left"": 15, ""srb_right"": 15}, ""atr"": {""atr_length"": 14, ""atr_mult"": 1.0}}",JAMES HARDIE IND PLC,1WK
2026-06-08 00:00:00,Long,JHX,23.89,5.43%,20.0,mfa,参数二,"{""utb"": {""key_value"": 3, ""atr_period"": 14, ""use_ha"": false}, ""mfa"": {""mfa_all"": 12}}",JAMES HARDIE IND PLC,1WK
2026-06-08 00:00:00,Long,CVBF,20.92,2.05%,19.44,utb,参数一,"{""utb"": {""key_value"": 2, ""atr_period"": 14, ""use_ha"": false}, ""r&s"": {""srb_left"": 10, ""srb_right"": 10}, ""atr"": {""atr_length"": 14, ""atr_mult"": 1.0}}",CVB FINANCIAL CORP,1WK
2026-06-08 00:00:00,Long,PB,71.54,3.14%,65.87,utb,参数一,"{""utb"": {""key_value"": 2, ""atr_period"": 14, ""use_ha"": false}, ""r&s"": {""srb_left"": 10, ""srb_right"": 10}, ""atr"": {""atr_length"": 14, ""atr_mult"": 1.0}}",PROSPERITY BANCSHARES INC,1WK
2026-06-08 00:00:00,Short,VNOM,43.7,-3.87%,49.59,utb,参数一,"{""utb"": {""key_value"": 2, ""atr_period"": 14, ""use_ha"": false}, ""r&s"": {""srb_left"": 10, ""srb_right"": 10}, ""atr"": {""atr_length"": 14, ""atr_mult"": 1.0}}",VIPER ENERGY INC-CL A,1WK
2026-06-08 00:00:00,Short,SAIL,14.42,-20.94%,20.73,utb,参数一,"{""utb"": {""key_value"": 2, ""atr_period"": 14, ""use_ha"": false}, ""r&s"": {""srb_left"": 10, ""srb_right"": 10}, ""atr"": {""atr_length"": 14, ""atr_mult"": 1.0}}",SAILPOINT INC,1WK
2026-06-08 00:00:00,Long,BIIB,199.96,2.37%,179.88,utb,参数一,"{""utb"": {""key_value"": 2, ""atr_period"": 14, ""use_ha"": false}, ""r&s"": {""srb_left"": 10, ""srb_right"": 10}, ""atr"": {""atr_length"": 14, ""atr_mult"": 1.0}}",BIOGEN INC,1WK
2026-06-08 00:00:00,Long,GOLF,99.44,10.81%,80.18,utb,参数一,"{""utb"": {""key_value"": 2, ""atr_period"": 14, ""use_ha"": false}, ""r&s"": {""srb_left"": 10, ""srb_right"": 10}, ""atr"": {""atr_length"": 14, ""atr_mult"": 1.0}}",ACUSHNET HOLDINGS CORP,1WK
2026-06-08 00:00:00,Long,LAUR,37.95,12.21%,31.61,utb,参数一,"{""utb"": {""key_value"": 2, ""atr_period"": 14, ""use_ha"": false}, ""r&s"": {""srb_left"": 10, ""srb_right"": 10}, ""atr"": {""atr_length"": 14, ""atr_mult"": 1.0}}",LAUREATE EDUCATION INC,1WK
2026-06-08 00:00:00,Long,LAUR,37.95,12.21%,31.61,utb,参数二,"{""utb"": {""key_value"": 3, ""atr_period"": 14, ""use_ha"": false}, ""r&s"": {""srb_left"": 15, ""srb_right"": 15}, ""atr"": {""atr_length"": 14, ""atr_mult"": 1.0}}",LAUREATE EDUCATION INC,1WK
2026-06-08 00:00:00,Long,PNC,233.94,2.44%,216.25,utb,参数二,"{""utb"": {""key_value"": 3, ""atr_period"": 14, ""use_ha"": false}, ""r&s"": {""srb_left"": 15, ""srb_right"": 15}, ""atr"": {""atr_length"": 14, ""atr_mult"": 1.0}}",PNC FINANCIAL SERVICES GROUP,1WK
2026-06-08 00:00:00,Short,GCTS,2.57,-5.51%,3.3,utb,参数一,"{""utb"": {""key_value"": 2, ""atr_period"": 14, ""use_ha"": false}, ""r&s"": {""srb_left"": 10, ""srb_right"": 10}, ""atr"": {""atr_length"": 14, ""atr_mult"": 1.0}}",GCT SEMICONDUCTOR HOLDING IN,1WK
2026-06-08 00:00:00,Short,BLDP,4.21,-14.43%,6.15,utb,参数二,"{""utb"": {""key_value"": 3, ""atr_period"": 14, ""use_ha"": false}, ""r&s"": {""srb_left"": 15, ""srb_right"": 15}, ""atr"": {""atr_length"": 14, ""atr_mult"": 1.0}}",BALLARD POWER SYSTEMS INC,1WK
2026-06-08 00:00:00,Long,PPG,118.24,3.90%,104.83,utb,参数二,"{""utb"": {""key_value"": 3, ""atr_period"": 14, ""use_ha"": false}, ""r&s"": {""srb_left"": 15, ""srb_right"": 15}, ""atr"": {""atr_length"": 14, ""atr_mult"": 1.0}}",PPG INDUSTRIES INC,1WK
2026-06-08 00:00:00,Long,NUVL,123.45,35.73%,76.45,utb,参数一,"{""utb"": {""key_value"": 2, ""atr_period"": 14, ""use_ha"": false}, ""r&s"": {""srb_left"": 10, ""srb_right"": 10}, ""atr"": {""atr_length"": 14, ""atr_mult"": 1.0}}",NUVALENT INC-A,1WK
2026-06-08 00:00:00,Short,QCOM,202.96,-5.66%,245.26,utb,参数一,"{""utb"": {""key_value"": 2, ""atr_period"": 14, ""use_ha"": false}, ""r&s"": {""srb_left"": 10, ""srb_right"": 10}, ""atr"": {""atr_length"": 14, ""atr_mult"": 1.0}}",QUALCOMM INC,1WK
2026-06-08 00:00:00,Long,IPAR,100.15,9.73%,84.51,utb,参数一,"{""utb"": {""key_value"": 2, ""atr_period"": 14, ""use_ha"": false}, ""r&s"": {""srb_left"": 10, ""srb_right"": 10}, ""atr"": {""atr_length"": 14, ""atr_mult"": 1.0}}",INTERPARFUMS INC,1WK
2026-06-08 00:00:00,Long,CASY,916.28,20.26%,693.65,utb,参数一,"{""utb"": {""key_value"": 2, ""atr_period"": 14, ""use_ha"": false}, ""r&s"": {""srb_left"": 10, ""srb_right"": 10}, ""atr"": {""atr_length"": 14, ""atr_mult"": 1.0}}",CASEY'S GENERAL STORES INC,1WK
2026-06-08 00:00:00,Short,PCT,9.02,-27.93%,14.67,utb,参数一,"{""utb"": {""key_value"": 2, ""atr_period"": 14, ""use_ha"": false}, ""r&s"": {""srb_left"": 10, ""srb_right"": 10}, ""atr"": {""atr_length"": 14, ""atr_mult"": 1.0}}",PURECYCLE TECHNOLOGIES INC,1WK
2026-06-08 00:00:00,Short,HUBS,186.43,-12.33%,251.54,utb,参数二,"{""utb"": {""key_value"": 3, ""atr_period"": 14, ""use_ha"": false}, ""r&s"": {""srb_left"": 15, ""srb_right"": 15}, ""atr"": {""atr_length"": 14, ""atr_mult"": 1.0}}",HUBSPOT INC,1WK
2026-06-08 00:00:00,Short,CRC,56.86,-2.54%,65.01,utb,参数二,"{""utb"": {""key_value"": 3, ""atr_period"": 14, ""use_ha"": false}, ""r&s"": {""srb_left"": 15, ""srb_right"": 15}, ""atr"": {""atr_length"": 14, ""atr_mult"": 1.0}}",CALIFORNIA RESOURCES CORP,1WK
2026-06-08 00:00:00,Long,MTH,73.59,7.70%,62.61,utb,参数一,"{""utb"": {""key_value"": 2, ""atr_period"": 14, ""use_ha"": false}, ""r&s"": {""srb_left"": 10, ""srb_right"": 10}, ""atr"": {""atr_length"": 14, ""atr_mult"": 1.0}}",MERITAGE HOMES CORP,1WK
2026-06-08 00:00:00,Short,NVTS,22.21,-11.44%,30.81,utb,参数一,"{""utb"": {""key_value"": 2, ""atr_period"": 14, ""use_ha"": false}, ""r&s"": {""srb_left"": 10, ""srb_right"": 10}, ""atr"": {""atr_length"": 14, ""atr_mult"": 1.0}}",NAVITAS SEMICONDUCTOR CORP,1WK
2026-06-08 00:00:00,Short,ARX,13.12,-12.47%,16.79,utb,参数一,"{""utb"": {""key_value"": 2, ""atr_period"": 14, ""use_ha"": false}, ""r&s"": {""srb_left"": 10, ""srb_right"": 10}, ""atr"": {""atr_length"": 14, ""atr_mult"": 1.0}}",ACCELERANT HOLDINGS-CL A,1WK
2026-06-08 00:00:00,Long,NVRI,21.13,9.48%,17.94,utb,参数一,"{""utb"": {""key_value"": 2, ""atr_period"": 14, ""use_ha"": false}, ""r&s"": {""srb_left"": 10, ""srb_right"": 10}, ""atr"": {""atr_length"": 14, ""atr_mult"": 1.0}}",ENVIRI CORP,1WK
2026-06-08 00:00:00,Long,NVRI,21.13,9.48%,17.94,utb,参数二,"{""utb"": {""key_value"": 3, ""atr_period"": 14, ""use_ha"": false}, ""r&s"": {""srb_left"": 15, ""srb_right"": 15}, ""atr"": {""atr_length"": 14, ""atr_mult"": 1.0}}",ENVIRI CORP,1WK
2026-06-08 00:00:00,Short,EQT,51.2,-4.74%,57.82,utb,参数二,"{""utb"": {""key_value"": 3, ""atr_period"": 14, ""use_ha"": false}, ""r&s"": {""srb_left"": 15, ""srb_right"": 15}, ""atr"": {""atr_length"": 14, ""atr_mult"": 1.0}}",EQT CORP,1WK
2026-06-08 00:00:00,Long,REYN,23.42,4.27%,20.98,utb,参数一,"{""utb"": {""key_value"": 2, ""atr_period"": 14, ""use_ha"": false}, ""r&s"": {""srb_left"": 10, ""srb_right"": 10}, ""atr"": {""atr_length"": 14, ""atr_mult"": 1.0}}",REYNOLDS CONSUMER PRODUCTS I,1WK
2026-06-08 00:00:00,Long,REYN,23.42,4.27%,20.98,mfa,参数一,"{""utb"": {""key_value"": 2, ""atr_period"": 14, ""use_ha"": false}, ""mfa"": {""mfa_all"": 20}}",REYNOLDS CONSUMER PRODUCTS I,1WK
2026-06-08 00:00:00,Long,AUB,39.5,4.06%,35.76,utb,参数一,"{""utb"": {""key_value"": 2, ""atr_period"": 14, ""use_ha"": false}, ""r&s"": {""srb_left"": 10, ""srb_right"": 10}, ""atr"": {""atr_length"": 14, ""atr_mult"": 1.0}}",ATLANTIC UNION BANKSHARES CO,1WK
2026-06-08 00:00:00,Long,UFPT,238.6,6.58%,198.86,utb,参数一,"{""utb"": {""key_value"": 2, ""atr_period"": 14, ""use_ha"": false}, ""r&s"": {""srb_left"": 10, ""srb_right"": 10}, ""atr"": {""atr_length"": 14, ""atr_mult"": 1.0}}",UFP TECHNOLOGIES INC,1WK
2026-06-08 00:00:00,Long,UFPT,238.6,6.58%,198.86,mfa,参数一,"{""utb"": {""key_value"": 2, ""atr_period"": 14, ""use_ha"": false}, ""mfa"": {""mfa_all"": 15}}",UFP TECHNOLOGIES INC,1WK
2026-06-08 00:00:00,Long,SYBT,74.81,4.18%,68.21,utb,参数二,"{""utb"": {""key_value"": 3, ""atr_period"": 14, ""use_ha"": false}, ""r&s"": {""srb_left"": 15, ""srb_right"": 15}, ""atr"": {""atr_length"": 14, ""atr_mult"": 1.0}}",STOCK YARDS BANCORP INC,1WK
2026-06-08 00:00:00,Long,SYBT,74.81,4.18%,68.21,mfa,参数二,"{""utb"": {""key_value"": 3, ""atr_period"": 14, ""use_ha"": false}, ""mfa"": {""mfa_all"": 15}}",STOCK YARDS BANCORP INC,1WK
2026-06-08 00:00:00,Short,WOLF,45.54,-17.29%,72.04,utb,参数一,"{""utb"": {""key_value"": 2, ""atr_period"": 14, ""use_ha"": false}, ""r&s"": {""srb_left"": 10, ""srb_right"": 10}, ""atr"": {""atr_length"": 14, ""atr_mult"": 1.0}}",WOLFSPEED INC,1WK
2026-06-08 00:00:00,Long,RRR,62.32,8.59%,53.14,utb,参数一,"{""utb"": {""key_value"": 2, ""atr_period"": 14, ""use_ha"": false}, ""r&s"": {""srb_left"": 10, ""srb_right"": 10}, ""atr"": {""atr_length"": 14, ""atr_mult"": 1.0}}",RED ROCK RESORTS INC-CLASS A,1WK
2026-06-08 00:00:00,Long,RRR,62.32,8.59%,53.14,mfa,参数一,"{""utb"": {""key_value"": 2, ""atr_period"": 14, ""use_ha"": false}, ""mfa"": {""mfa_all"": 12}}",RED ROCK RESORTS INC-CLASS A,1WK
2026-06-08 00:00:00,Long,CW,757.23,3.29%,655.06,utb,参数一,"{""utb"": {""key_value"": 2, ""atr_period"": 14, ""use_ha"": false}, ""r&s"": {""srb_left"": 10, ""srb_right"": 10}, ""atr"": {""atr_length"": 14, ""atr_mult"": 1.0}}",CURTISS-WRIGHT CORP,1WK
2026-06-08 00:00:00,Long,FCF,19.6,2.56%,18.36,utb,参数二,"{""utb"": {""key_value"": 3, ""atr_period"": 14, ""use_ha"": false}, ""r&s"": {""srb_left"": 15, ""srb_right"": 15}, ""atr"": {""atr_length"": 14, ""atr_mult"": 1.0}}",FIRST COMMONWEALTH FINL CORP,1WK
2026-06-08 00:00:00,Long,AGYS,91.78,3.68%,77.31,utb,参数二,"{""utb"": {""key_value"": 3, ""atr_period"": 14, ""use_ha"": false}, ""r&s"": {""srb_left"": 15, ""srb_right"": 15}, ""atr"": {""atr_length"": 14, ""atr_mult"": 1.0}}",AGILYSYS INC,1WK
2026-06-08 00:00:00,Short,BW,15.86,-3.06%,20.28,utb,参数一,"{""utb"": {""key_value"": 2, ""atr_period"": 14, ""use_ha"": false}, ""r&s"": {""srb_left"": 10, ""srb_right"": 10}, ""atr"": {""atr_length"": 14, ""atr_mult"": 1.0}}",BABCOCK & WILCOX ENTERPR,1WK
2026-06-08 00:00:00,Long,ESTA,85.11,14.53%,63.26,utb,参数二,"{""utb"": {""key_value"": 3, ""atr_period"": 14, ""use_ha"": false}, ""r&s"": {""srb_left"": 15, ""srb_right"": 15}, ""atr"": {""atr_length"": 14, ""atr_mult"": 1.0}}",ESTABLISHMENT LABS HOLDINGS,1WK
2026-06-08 00:00:00,Long,ESTA,85.11,14.53%,63.26,mfa,参数二,"{""utb"": {""key_value"": 3, ""atr_period"": 14, ""use_ha"": false}, ""mfa"": {""mfa_all"": 14}}",ESTABLISHMENT LABS HOLDINGS,1WK
2026-06-08 00:00:00,Long,VCEL,38.57,6.25%,32.04,utb,参数一,"{""utb"": {""key_value"": 2, ""atr_period"": 14, ""use_ha"": false}, ""r&s"": {""srb_left"": 10, ""srb_right"": 10}, ""atr"": {""atr_length"": 14, ""atr_mult"": 1.0}}",VERICEL CORP,1WK
2026-06-08 00:00:00,Short,SMCI,31.97,-23.22%,51.3,utb,参数一,"{""utb"": {""key_value"": 2, ""atr_period"": 14, ""use_ha"": false}, ""r&s"": {""srb_left"": 10, ""srb_right"": 10}, ""atr"": {""atr_length"": 14, ""atr_mult"": 1.0}}",SUPER MICRO COMPUTER INC,1WK
2026-06-08 00:00:00,Short,AR,34.22,-3.77%,38.95,utb,参数二,"{""utb"": {""key_value"": 3, ""atr_period"": 14, ""use_ha"": false}, ""r&s"": {""srb_left"": 15, ""srb_right"": 15}, ""atr"": {""atr_length"": 14, ""atr_mult"": 1.0}}",ANTERO RESOURCES CORP,1WK
2026-06-08 00:00:00,Long,SRAD,16.96,22.01%,12.49,utb,参数一,"{""utb"": {""key_value"": 2, ""atr_period"": 14, ""use_ha"": false}, ""r&s"": {""srb_left"": 10, ""srb_right"": 10}, ""atr"": {""atr_length"": 14, ""atr_mult"": 1.0}}",SPORTRADAR GROUP AG-A,1WK
2026-06-08 00:00:00,Long,SRAD,16.96,22.01%,12.49,mfa,参数一,"{""utb"": {""key_value"": 2, ""atr_period"": 14, ""use_ha"": false}, ""mfa"": {""mfa_all"": 23}}",SPORTRADAR GROUP AG-A,1WK
2026-06-08 00:00:00,Long,ASH,65.53,17.45%,49.98,utb,参数二,"{""utb"": {""key_value"": 3, ""atr_period"": 14, ""use_ha"": false}, ""r&s"": {""srb_left"": 15, ""srb_right"": 15}, ""atr"": {""atr_length"": 14, ""atr_mult"": 1.0}}",ASHLAND INC,1WK
2026-06-08 00:00:00,Long,EDHL,5.98,42.04%,0.47,utb,参数一,"{""utb"": {""key_value"": 2, ""atr_period"": 14, ""use_ha"": false}, ""r&s"": {""srb_left"": 10, ""srb_right"": 10}, ""atr"": {""atr_length"": 14, ""atr_mult"": 1.0}}",EVERBRIGHT DIGITAL HOLDING L,1WK
2026-06-08 00:00:00,Long,BUSE,28.47,3.23%,26.21,utb,参数二,"{""utb"": {""key_value"": 3, ""atr_period"": 14, ""use_ha"": false}, ""r&s"": {""srb_left"": 15, ""srb_right"": 15}, ""atr"": {""atr_length"": 14, ""atr_mult"": 1.0}}",FIRST BUSEY CORP,1WK
2026-06-08 00:00:00,Long,BKU,48.64,3.18%,44.66,utb,参数一,"{""utb"": {""key_value"": 2, ""atr_period"": 14, ""use_ha"": false}, ""r&s"": {""srb_left"": 10, ""srb_right"": 10}, ""atr"": {""atr_length"": 14, ""atr_mult"": 1.0}}",BANKUNITED INC,1WK
2026-06-08 00:00:00,Short,VRSN,279.57,-5.20%,308.66,utb,参数一,"{""utb"": {""key_value"": 2, ""atr_period"": 14, ""use_ha"": false}, ""r&s"": {""srb_left"": 10, ""srb_right"": 10}, ""atr"": {""atr_length"": 14, ""atr_mult"": 1.0}}",VERISIGN INC,1WK
2026-06-08 00:00:00,Long,BY,35.08,3.85%,32.06,utb,参数二,"{""utb"": {""key_value"": 3, ""atr_period"": 14, ""use_ha"": false}, ""r&s"": {""srb_left"": 15, ""srb_right"": 15}, ""atr"": {""atr_length"": 14, ""atr_mult"": 1.0}}",BYLINE BANCORP INC,1WK
2026-06-08 00:00:00,Long,GO,9.42,10.05%,7.48,utb,参数二,"{""utb"": {""key_value"": 3, ""atr_period"": 14, ""use_ha"": false}, ""r&s"": {""srb_left"": 15, ""srb_right"": 15}, ""atr"": {""atr_length"": 14, ""atr_mult"": 1.0}}",GROCERY OUTLET HOLDING CORP,1WK
2026-06-08 00:00:00,Long,LGIH,55.39,10.01%,44.23,utb,参数二,"{""utb"": {""key_value"": 3, ""atr_period"": 14, ""use_ha"": false}, ""r&s"": {""srb_left"": 15, ""srb_right"": 15}, ""atr"": {""atr_length"": 14, ""atr_mult"": 1.0}}",LGI HOMES INC,1WK
2026-06-08 00:00:00,Long,WSM,218.74,6.71%,185.91,utb,参数二,"{""utb"": {""key_value"": 3, ""atr_period"": 14, ""use_ha"": false}, ""r&s"": {""srb_left"": 15, ""srb_right"": 15}, ""atr"": {""atr_length"": 14, ""atr_mult"": 1.0}}",WILLIAMS-SONOMA INC,1WK
2026-06-08 00:00:00,Short,PLUG,2.83,-12.11%,3.87,utb,参数一,"{""utb"": {""key_value"": 2, ""atr_period"": 14, ""use_ha"": false}, ""r&s"": {""srb_left"": 10, ""srb_right"": 10}, ""atr"": {""atr_length"": 14, ""atr_mult"": 1.0}}",PLUG POWER INC,1WK
2026-06-08 00:00:00,Long,BAP,368.38,14.23%,269.58,utb,参数一,"{""utb"": {""key_value"": 2, ""atr_period"": 14, ""use_ha"": false}, ""r&s"": {""srb_left"": 10, ""srb_right"": 10}, ""atr"": {""atr_length"": 14, ""atr_mult"": 1.0}}",CREDICORP LTD,1WK
2026-06-08 00:00:00,Long,BAP,368.38,14.23%,269.58,utb,参数二,"{""utb"": {""key_value"": 3, ""atr_period"": 14, ""use_ha"": false}, ""r&s"": {""srb_left"": 15, ""srb_right"": 15}, ""atr"": {""atr_length"": 14, ""atr_mult"": 1.0}}",CREDICORP LTD,1WK
2026-06-08 00:00:00,Long,PFGC,104.06,7.15%,90.53,utb,参数二,"{""utb"": {""key_value"": 3, ""atr_period"": 14, ""use_ha"": false}, ""r&s"": {""srb_left"": 15, ""srb_right"": 15}, ""atr"": {""atr_length"": 14, ""atr_mult"": 1.0}}",PERFORMANCE FOOD GROUP CO,1WK
2026-06-08 00:00:00,Long,KEY,22.33,3.64%,20.6,utb,参数二,"{""utb"": {""key_value"": 3, ""atr_period"": 14, ""use_ha"": false}, ""r&s"": {""srb_left"": 15, ""srb_right"": 15}, ""atr"": {""atr_length"": 14, ""atr_mult"": 1.0}}",KEYCORP,1WK
2026-06-08 00:00:00,Short,META,568.43,-4.14%,645.77,utb,参数一,"{""utb"": {""key_value"": 2, ""atr_period"": 14, ""use_ha"": false}, ""r&s"": {""srb_left"": 10, ""srb_right"": 10}, ""atr"": {""atr_length"": 14, ""atr_mult"": 1.0}}",META PLATFORMS INC-CLASS A,1WK
2026-06-08 00:00:00,Long,GD,358.86,3.59%,322.91,utb,参数二,"{""utb"": {""key_value"": 3, ""atr_period"": 14, ""use_ha"": false}, ""r&s"": {""srb_left"": 15, ""srb_right"": 15}, ""atr"": {""atr_length"": 14, ""atr_mult"": 1.0}}",GENERAL DYNAMICS CORP,1WK
2026-06-08 00:00:00,Short,DNTH,76.45,-5.04%,93.88,utb,参数一,"{""utb"": {""key_value"": 2, ""atr_period"": 14, ""use_ha"": false}, ""r&s"": {""srb_left"": 10, ""srb_right"": 10}, ""atr"": {""atr_length"": 14, ""atr_mult"": 1.0}}",DIANTHUS THERAPEUTICS INC,1WK
2026-06-08 00:00:00,Long,SUNE,2.57,127.43%,1.17,utb,参数一,"{""utb"": {""key_value"": 2, ""atr_period"": 14, ""use_ha"": false}, ""r&s"": {""srb_left"": 10, ""srb_right"": 10}, ""atr"": {""atr_length"": 14, ""atr_mult"": 1.0}}",SUNATION ENERGY INC,1WK
2026-06-08 00:00:00,Long,CBRL,45.5,35.66%,28.25,utb,参数二,"{""utb"": {""key_value"": 3, ""atr_period"": 14, ""use_ha"": false}, ""r&s"": {""srb_left"": 15, ""srb_right"": 15}, ""atr"": {""atr_length"": 14, ""atr_mult"": 1.0}}",CRACKER BARREL OLD COUNTRY,1WK
2026-06-08 00:00:00,Long,ALHC,20.24,31.69%,12.54,utb,参数一,"{""utb"": {""key_value"": 2, ""atr_period"": 14, ""use_ha"": false}, ""r&s"": {""srb_left"": 10, ""srb_right"": 10}, ""atr"": {""atr_length"": 14, ""atr_mult"": 1.0}}",ALIGNMENT HEALTHCARE INC,1WK
2026-06-08 00:00:00,Long,ALHC,20.24,31.69%,12.54,mfa,参数一,"{""utb"": {""key_value"": 2, ""atr_period"": 14, ""use_ha"": false}, ""mfa"": {""mfa_all"": 14}}",ALIGNMENT HEALTHCARE INC,1WK
2026-06-08 00:00:00,Long,ICUI,142.86,4.58%,124.67,utb,参数一,"{""utb"": {""key_value"": 2, ""atr_period"": 14, ""use_ha"": false}, ""r&s"": {""srb_left"": 10, ""srb_right"": 10}, ""atr"": {""atr_length"": 14, ""atr_mult"": 1.0}}",ICU MEDICAL INC,1WK
2026-06-08 00:00:00,Long,ICUI,142.86,4.58%,124.67,mfa,参数一,"{""utb"": {""key_value"": 2, ""atr_period"": 14, ""use_ha"": false}, ""mfa"": {""mfa_all"": 15}}",ICU MEDICAL INC,1WK
2026-06-08 00:00:00,Long,DIN,34.33,16.61%,25.35,utb,参数一,"{""utb"": {""key_value"": 2, ""atr_period"": 14, ""use_ha"": false}, ""r&s"": {""srb_left"": 10, ""srb_right"": 10}, ""atr"": {""atr_length"": 14, ""atr_mult"": 1.0}}",DINE BRANDS GLOBAL INC,1WK
2026-06-08 00:00:00,Long,DIN,34.33,16.61%,25.35,mfa,参数一,"{""utb"": {""key_value"": 2, ""atr_period"": 14, ""use_ha"": false}, ""mfa"": {""mfa_all"": 16}}",DINE BRANDS GLOBAL INC,1WK
2026-06-08 00:00:00,Long,PGEN,4.53,26.54%,2.84,utb,参数一,"{""utb"": {""key_value"": 2, ""atr_period"": 14, ""use_ha"": false}, ""r&s"": {""srb_left"": 10, ""srb_right"": 10}, ""atr"": {""atr_length"": 14, ""atr_mult"": 1.0}}",PRECIGEN INC,1WK
2026-06-08 00:00:00,Long,PGEN,4.53,26.54%,2.84,mfa,参数一,"{""utb"": {""key_value"": 2, ""atr_period"": 14, ""use_ha"": false}, ""mfa"": {""mfa_all"": 15}}",PRECIGEN INC,1WK
2026-06-08 00:00:00,Long,TFIN,74.64,4.73%,64.96,utb,参数二,"{""utb"": {""key_value"": 3, ""atr_period"": 14, ""use_ha"": false}, ""r&s"": {""srb_left"": 15, ""srb_right"": 15}, ""atr"": {""atr_length"": 14, ""atr_mult"": 1.0}}",TRIUMPH FINANCIAL INC,1WK
2026-06-08 00:00:00,Short,AMRC,27.88,-2.04%,33.88,utb,参数一,"{""utb"": {""key_value"": 2, ""atr_period"": 14, ""use_ha"": false}, ""r&s"": {""srb_left"": 10, ""srb_right"": 10}, ""atr"": {""atr_length"": 14, ""atr_mult"": 1.0}}",AMERESCO INC-CL A,1WK
2026-06-08 00:00:00,Short,GTLS,206.49,-0.40%,208.62,utb,参数一,"{""utb"": {""key_value"": 2, ""atr_period"": 14, ""use_ha"": false}, ""r&s"": {""srb_left"": 10, ""srb_right"": 10}, ""atr"": {""atr_length"": 14, ""atr_mult"": 1.0}}",CHART INDUSTRIES INC,1WK
2026-06-08 00:00:00,Long,BAC,55.16,3.00%,50.98,utb,参数二,"{""utb"": {""key_value"": 3, ""atr_period"": 14, ""use_ha"": false}, ""r&s"": {""srb_left"": 15, ""srb_right"": 15}, ""atr"": {""atr_length"": 14, ""atr_mult"": 1.0}}",BANK OF AMERICA CORP,1WK
2026-06-08 00:00:00,Long,SN,135.59,13.16%,105.47,utb,参数二,"{""utb"": {""key_value"": 3, ""atr_period"": 14, ""use_ha"": false}, ""r&s"": {""srb_left"": 15, ""srb_right"": 15}, ""atr"": {""atr_length"": 14, ""atr_mult"": 1.0}}",SHARKNINJA INC,1WK
2026-06-08 00:00:00,Long,MAN,34.0,7.72%,28.42,utb,参数二,"{""utb"": {""key_value"": 3, ""atr_period"": 14, ""use_ha"": false}, ""r&s"": {""srb_left"": 15, ""srb_right"": 15}, ""atr"": {""atr_length"": 14, ""atr_mult"": 1.0}}",MANPOWERGROUP INC,1WK
2026-06-08 00:00:00,Short,TSN,55.64,-4.46%,62.04,utb,参数二,"{""utb"": {""key_value"": 3, ""atr_period"": 14, ""use_ha"": false}, ""r&s"": {""srb_left"": 15, ""srb_right"": 15}, ""atr"": {""atr_length"": 14, ""atr_mult"": 1.0}}",TYSON FOODS INC-CL A,1WK
2026-06-08 00:00:00,Long,RL,393.3,7.30%,336.21,utb,参数一,"{""utb"": {""key_value"": 2, ""atr_period"": 14, ""use_ha"": false}, ""r&s"": {""srb_left"": 10, ""srb_right"": 10}, ""atr"": {""atr_length"": 14, ""atr_mult"": 1.0}}",RALPH LAUREN CORP,1WK
2026-06-08 00:00:00,Long,VLY,14.41,4.57%,12.96,utb,参数二,"{""utb"": {""key_value"": 3, ""atr_period"": 14, ""use_ha"": false}, ""r&s"": {""srb_left"": 15, ""srb_right"": 15}, ""atr"": {""atr_length"": 14, ""atr_mult"": 1.0}}",VALLEY NATIONAL BANCORP,1WK
2026-06-08 00:00:00,Short,TYL,295.48,-5.32%,342.84,utb,参数一,"{""utb"": {""key_value"": 2, ""atr_period"": 14, ""use_ha"": false}, ""r&s"": {""srb_left"": 10, ""srb_right"": 10}, ""atr"": {""atr_length"": 14, ""atr_mult"": 1.0}}",TYLER TECHNOLOGIES INC,1WK
2026-06-08 00:00:00,Short,AD,40.11,-20.50%,56.87,utb,参数一,"{""utb"": {""key_value"": 2, ""atr_period"": 14, ""use_ha"": false}, ""r&s"": {""srb_left"": 10, ""srb_right"": 10}, ""atr"": {""atr_length"": 14, ""atr_mult"": 1.0}}",ARRAY DIGITAL INFRASTRUCTURE,1WK
2026-06-08 00:00:00,Short,AD,40.11,-20.50%,56.87,utb,参数二,"{""utb"": {""key_value"": 3, ""atr_period"": 14, ""use_ha"": false}, ""r&s"": {""srb_left"": 15, ""srb_right"": 15}, ""atr"": {""atr_length"": 14, ""atr_mult"": 1.0}}",ARRAY DIGITAL INFRASTRUCTURE,1WK
2026-06-08 00:00:00,Long,OZK,51.63,4.09%,47.15,utb,参数二,"{""utb"": {""key_value"": 3, ""atr_period"": 14, ""use_ha"": false}, ""r&s"": {""srb_left"": 15, ""srb_right"": 15}, ""atr"": {""atr_length"": 14, ""atr_mult"": 1.0}}",BANK OZK,1WK
2026-06-08 00:00:00,Long,INCY,107.83,5.32%,91.74,utb,参数一,"{""utb"": {""key_value"": 2, ""atr_period"": 14, ""use_ha"": false}, ""r&s"": {""srb_left"": 10, ""srb_right"": 10}, ""atr"": {""atr_length"": 14, ""atr_mult"": 1.0}}",INCYTE CORP,1WK
2026-06-08 00:00:00,Long,MUSA,622.07,13.83%,496.75,utb,参数一,"{""utb"": {""key_value"": 2, ""atr_period"": 14, ""use_ha"": false}, ""r&s"": {""srb_left"": 10, ""srb_right"": 10}, ""atr"": {""atr_length"": 14, ""atr_mult"": 1.0}}",MURPHY USA INC,1WK
2026-06-08 00:00:00,Long,ABM,46.16,8.51%,39.62,utb,参数二,"{""utb"": {""key_value"": 3, ""atr_period"": 14, ""use_ha"": false}, ""r&s"": {""srb_left"": 15, ""srb_right"": 15}, ""atr"": {""atr_length"": 14, ""atr_mult"": 1.0}}",ABM INDUSTRIES INC,1WK
2026-06-08 00:00:00,Long,CR,204.07,8.05%,174.04,utb,参数二,"{""utb"": {""key_value"": 3, ""atr_period"": 14, ""use_ha"": false}, ""r&s"": {""srb_left"": 15, ""srb_right"": 15}, ""atr"": {""atr_length"": 14, ""atr_mult"": 1.0}}",CRANE CO,1WK
2026-06-08 00:00:00,Long,CR,204.07,8.05%,174.04,mfa,参数二,"{""utb"": {""key_value"": 3, ""atr_period"": 14, ""use_ha"": false}, ""mfa"": {""mfa_all"": 20}}",CRANE CO,1WK
2026-06-08 00:00:00,Long,EPC,21.65,9.75%,17.48,utb,参数一,"{""utb"": {""key_value"": 2, ""atr_period"": 14, ""use_ha"": false}, ""r&s"": {""srb_left"": 10, ""srb_right"": 10}, ""atr"": {""atr_length"": 14, ""atr_mult"": 1.0}}",EDGEWELL PERSONAL CARE CO,1WK
2026-06-08 00:00:00,Short,STI,25.83,-27.69%,41.24,utb,参数一,"{""utb"": {""key_value"": 2, ""atr_period"": 14, ""use_ha"": false}, ""r&s"": {""srb_left"": 10, ""srb_right"": 10}, ""atr"": {""atr_length"": 14, ""atr_mult"": 1.0}}",SOLIDION TECHNOLOGY INC,1WK
2026-06-08 00:00:00,Long,KTB,80.41,15.63%,63.91,utb,参数一,"{""utb"": {""key_value"": 2, ""atr_period"": 14, ""use_ha"": false}, ""r&s"": {""srb_left"": 10, ""srb_right"": 10}, ""atr"": {""atr_length"": 14, ""atr_mult"": 1.0}}",KONTOOR BRANDS INC,1WK
2026-06-08 00:00:00,Long,KTB,80.41,15.63%,63.91,utb,参数二,"{""utb"": {""key_value"": 3, ""atr_period"": 14, ""use_ha"": false}, ""r&s"": {""srb_left"": 15, ""srb_right"": 15}, ""atr"": {""atr_length"": 14, ""atr_mult"": 1.0}}",KONTOOR BRANDS INC,1WK
2026-06-08 00:00:00,Long,GLXG,2.08,87.39%,-0.1,utb,参数一,"{""utb"": {""key_value"": 2, ""atr_period"": 14, ""use_ha"": false}, ""r&s"": {""srb_left"": 10, ""srb_right"": 10}, ""atr"": {""atr_length"": 14, ""atr_mult"": 1.0}}",GALAXY PAYROLL GROUP LTD-A,1WK
2026-06-08 00:00:00,Long,KBH,54.31,4.36%,47.14,utb,参数一,"{""utb"": {""key_value"": 2, ""atr_period"": 14, ""use_ha"": false}, ""r&s"": {""srb_left"": 10, ""srb_right"": 10}, ""atr"": {""atr_length"": 14, ""atr_mult"": 1.0}}",KB HOME,1WK
2026-06-08 00:00:00,Long,KBH,54.31,4.36%,47.14,mfa,参数一,"{""utb"": {""key_value"": 2, ""atr_period"": 14, ""use_ha"": false}, ""mfa"": {""mfa_all"": 26}}",KB HOME,1WK
2026-06-08 00:00:00,Long,FOX,61.36,2.47%,55.85,utb,参数二,"{""utb"": {""key_value"": 3, ""atr_period"": 14, ""use_ha"": false}, ""r&s"": {""srb_left"": 15, ""srb_right"": 15}, ""atr"": {""atr_length"": 14, ""atr_mult"": 1.0}}",FOX CORP - CLASS B,1WK
2026-06-08 00:00:00,Short,EME,811.53,-0.72%,903.48,utb,参数一,"{""utb"": {""key_value"": 2, ""atr_period"": 14, ""use_ha"": false}, ""r&s"": {""srb_left"": 10, ""srb_right"": 10}, ""atr"": {""atr_length"": 14, ""atr_mult"": 1.0}}",EMCOR GROUP INC,1WK
2026-06-08 00:00:00,Long,LOAR,68.91,8.88%,56.74,utb,参数一,"{""utb"": {""key_value"": 2, ""atr_period"": 14, ""use_ha"": false}, ""r&s"": {""srb_left"": 10, ""srb_right"": 10}, ""atr"": {""atr_length"": 14, ""atr_mult"": 1.0}}",LOAR HOLDINGS INC,1WK
2026-06-08 00:00:00,Long,LOAR,68.91,8.88%,56.74,mfa,参数一,"{""utb"": {""key_value"": 2, ""atr_period"": 14, ""use_ha"": false}, ""mfa"": {""mfa_all"": 18}}",LOAR HOLDINGS INC,1WK
2026-06-08 00:00:00,Short,CIEN,445.22,-8.81%,559.48,utb,参数一,"{""utb"": {""key_value"": 2, ""atr_period"": 14, ""use_ha"": false}, ""r&s"": {""srb_left"": 10, ""srb_right"": 10}, ""atr"": {""atr_length"": 14, ""atr_mult"": 1.0}}",CIENA CORP,1WK
2026-06-08 00:00:00,Long,GLXY,33.27,32.34%,21.5,utb,参数二,"{""utb"": {""key_value"": 3, ""atr_period"": 14, ""use_ha"": false}, ""r&s"": {""srb_left"": 15, ""srb_right"": 15}, ""atr"": {""atr_length"": 14, ""atr_mult"": 1.0}}",GALAXY DIGITAL INC-A,1WK
2026-06-08 00:00:00,Long,GLXY,33.27,32.34%,21.5,mfa,参数二,"{""utb"": {""key_value"": 3, ""atr_period"": 14, ""use_ha"": false}, ""mfa"": {""mfa_all"": 19}}",GALAXY DIGITAL INC-A,1WK
2026-06-08 00:00:00,Long,NVR,6479.7,4.81%,5692.94,utb,参数一,"{""utb"": {""key_value"": 2, ""atr_period"": 14, ""use_ha"": false}, ""r&s"": {""srb_left"": 10, ""srb_right"": 10}, ""atr"": {""atr_length"": 14, ""atr_mult"": 1.0}}",NVR INC,1WK
2026-06-08 00:00:00,Long,NVR,6479.7,4.81%,5692.94,mfa,参数一,"{""utb"": {""key_value"": 2, ""atr_period"": 14, ""use_ha"": false}, ""mfa"": {""mfa_all"": 15}}",NVR INC,1WK
2026-06-08 00:00:00,Short,ADSK,205.57,-10.61%,251.21,utb,参数一,"{""utb"": {""key_value"": 2, ""atr_period"": 14, ""use_ha"": false}, ""r&s"": {""srb_left"": 10, ""srb_right"": 10}, ""atr"": {""atr_length"": 14, ""atr_mult"": 1.0}}",AUTODESK INC,1WK
2026-06-08 00:00:00,Long,CBSH,55.08,4.37%,50.88,utb,参数二,"{""utb"": {""key_value"": 3, ""atr_period"": 14, ""use_ha"": false}, ""r&s"": {""srb_left"": 15, ""srb_right"": 15}, ""atr"": {""atr_length"": 14, ""atr_mult"": 1.0}}",COMMERCE BANCSHARES INC,1WK
2026-06-08 00:00:00,Long,CBSH,55.08,4.37%,50.88,mfa,参数二,"{""utb"": {""key_value"": 3, ""atr_period"": 14, ""use_ha"": false}, ""mfa"": {""mfa_all"": 15}}",COMMERCE BANCSHARES INC,1WK
2026-06-08 00:00:00,Long,XERS,6.93,12.14%,5.56,utb,参数一,"{""utb"": {""key_value"": 2, ""atr_period"": 14, ""use_ha"": false}, ""r&s"": {""srb_left"": 10, ""srb_right"": 10}, ""atr"": {""atr_length"": 14, ""atr_mult"": 1.0}}",XERIS BIOPHARMA HOLDINGS INC,1WK
2026-06-08 00:00:00,Long,XERS,6.93,12.14%,5.56,mfa,参数一,"{""utb"": {""key_value"": 2, ""atr_period"": 14, ""use_ha"": false}, ""mfa"": {""mfa_all"": 17}}",XERIS BIOPHARMA HOLDINGS INC,1WK
2026-06-08 00:00:00,Long,MTB,227.82,3.13%,212.14,utb,参数二,"{""utb"": {""key_value"": 3, ""atr_period"": 14, ""use_ha"": false}, ""r&s"": {""srb_left"": 15, ""srb_right"": 15}, ""atr"": {""atr_length"": 14, ""atr_mult"": 1.0}}",M & T BANK CORP,1WK
2026-06-08 00:00:00,Long,PAYO,6.75,33.93%,4.33,utb,参数一,"{""utb"": {""key_value"": 2, ""atr_period"": 14, ""use_ha"": false}, ""r&s"": {""srb_left"": 10, ""srb_right"": 10}, ""atr"": {""atr_length"": 14, ""atr_mult"": 1.0}}",PAYONEER GLOBAL INC,1WK
2026-06-08 00:00:00,Long,PAYO,6.75,33.93%,4.33,utb,参数二,"{""utb"": {""key_value"": 3, ""atr_period"": 14, ""use_ha"": false}, ""r&s"": {""srb_left"": 15, ""srb_right"": 15}, ""atr"": {""atr_length"": 14, ""atr_mult"": 1.0}}",PAYONEER GLOBAL INC,1WK
2026-06-08 00:00:00,Long,SDOT,24.58,102.47%,-0.85,utb,参数一,"{""utb"": {""key_value"": 2, ""atr_period"": 14, ""use_ha"": false}, ""r&s"": {""srb_left"": 10, ""srb_right"": 10}, ""atr"": {""atr_length"": 14, ""atr_mult"": 1.0}}",SADOT GROUP INC,1WK
2026-06-08 00:00:00,Long,RH,159.32,8.65%,120.86,utb,参数一,"{""utb"": {""key_value"": 2, ""atr_period"": 14, ""use_ha"": false}, ""r&s"": {""srb_left"": 10, ""srb_right"": 10}, ""atr"": {""atr_length"": 14, ""atr_mult"": 1.0}}",RH,1WK
2026-06-08 00:00:00,Long,RH,159.32,8.65%,120.86,mfa,参数一,"{""utb"": {""key_value"": 2, ""atr_period"": 14, ""use_ha"": false}, ""mfa"": {""mfa_all"": 15}}",RH,1WK
2026-06-08 00:00:00,Long,NBTB,47.67,3.54%,43.74,utb,参数二,"{""utb"": {""key_value"": 3, ""atr_period"": 14, ""use_ha"": false}, ""r&s"": {""srb_left"": 15, ""srb_right"": 15}, ""atr"": {""atr_length"": 14, ""atr_mult"": 1.0}}",N B T BANCORP INC,1WK
2026-06-08 00:00:00,Short,ICE,138.98,-1.78%,150.65,utb,参数二,"{""utb"": {""key_value"": 3, ""atr_period"": 14, ""use_ha"": false}, ""r&s"": {""srb_left"": 15, ""srb_right"": 15}, ""atr"": {""atr_length"": 14, ""atr_mult"": 1.0}}",INTERCONTINENTAL EXCHANGE IN,1WK
2026-06-08 00:00:00,Long,CWST,89.76,4.49%,77.22,utb,参数一,"{""utb"": {""key_value"": 2, ""atr_period"": 14, ""use_ha"": false}, ""r&s"": {""srb_left"": 10, ""srb_right"": 10}, ""atr"": {""atr_length"": 14, ""atr_mult"": 1.0}}",CASELLA WASTE SYSTEMS INC-A,1WK
2026-06-08 00:00:00,Long,CWST,89.76,4.49%,77.22,mfa,参数一,"{""utb"": {""key_value"": 2, ""atr_period"": 14, ""use_ha"": false}, ""mfa"": {""mfa_all"": 16}}",CASELLA WASTE SYSTEMS INC-A,1WK
2026-06-08 00:00:00,Short,STLA,6.89,-3.09%,8.13,utb,参数一,"{""utb"": {""key_value"": 2, ""atr_period"": 14, ""use_ha"": false}, ""r&s"": {""srb_left"": 10, ""srb_right"": 10}, ""atr"": {""atr_length"": 14, ""atr_mult"": 1.0}}",STELLANTIS NV,1WK
2026-06-08 00:00:00,Long,GRBK,73.04,6.15%,63.39,utb,参数一,"{""utb"": {""key_value"": 2, ""atr_period"": 14, ""use_ha"": false}, ""r&s"": {""srb_left"": 10, ""srb_right"": 10}, ""atr"": {""atr_length"": 14, ""atr_mult"": 1.0}}",GREEN BRICK PARTNERS INC,1WK
2026-06-08 00:00:00,Long,SFIX,4.2,22.81%,2.89,utb,参数一,"{""utb"": {""key_value"": 2, ""atr_period"": 14, ""use_ha"": false}, ""r&s"": {""srb_left"": 10, ""srb_right"": 10}, ""atr"": {""atr_length"": 14, ""atr_mult"": 1.0}}",STITCH FIX INC-CLASS A,1WK
2026-06-08 00:00:00,Long,SFIX,4.2,22.81%,2.89,mfa,参数一,"{""utb"": {""key_value"": 2, ""atr_period"": 14, ""use_ha"": false}, ""mfa"": {""mfa_all"": 18}}",STITCH FIX INC-CLASS A,1WK
2026-06-08 00:00:00,Long,VVV,37.81,5.82%,32.83,utb,参数一,"{""utb"": {""key_value"": 2, ""atr_period"": 14, ""use_ha"": false}, ""r&s"": {""srb_left"": 10, ""srb_right"": 10}, ""atr"": {""atr_length"": 14, ""atr_mult"": 1.0}}",VALVOLINE INC,1WK
2026-06-08 00:00:00,Long,MHO,141.95,3.36%,125.97,utb,参数一,"{""utb"": {""key_value"": 2, ""atr_period"": 14, ""use_ha"": false}, ""r&s"": {""srb_left"": 10, ""srb_right"": 10}, ""atr"": {""atr_length"": 14, ""atr_mult"": 1.0}}",M/I HOMES INC,1WK
2026-06-08 00:00:00,Long,MHO,141.95,3.36%,125.97,mfa,参数一,"{""utb"": {""key_value"": 2, ""atr_period"": 14, ""use_ha"": false}, ""mfa"": {""mfa_all"": 13}}",M/I HOMES INC,1WK
2026-06-08 00:00:00,Short,WMG,28.55,-4.61%,33.01,utb,参数一,"{""utb"": {""key_value"": 2, ""atr_period"": 14, ""use_ha"": false}, ""r&s"": {""srb_left"": 10, ""srb_right"": 10}, ""atr"": {""atr_length"": 14, ""atr_mult"": 1.0}}",WARNER MUSIC GROUP CORP-CL A,1WK
2026-06-08 00:00:00,Long,IMAX,42.12,8.08%,35.22,utb,参数一,"{""utb"": {""key_value"": 2, ""atr_period"": 14, ""use_ha"": false}, ""r&s"": {""srb_left"": 10, ""srb_right"": 10}, ""atr"": {""atr_length"": 14, ""atr_mult"": 1.0}}",IMAX CORP,1WK
2026-06-08 00:00:00,Long,TNL,73.6,2.65%,65.86,utb,参数一,"{""utb"": {""key_value"": 2, ""atr_period"": 14, ""use_ha"": false}, ""r&s"": {""srb_left"": 10, ""srb_right"": 10}, ""atr"": {""atr_length"": 14, ""atr_mult"": 1.0}}",TRAVEL + LEISURE CO,1WK
2026-06-08 00:00:00,Long,GIII,35.67,5.81%,30.99,utb,参数二,"{""utb"": {""key_value"": 3, ""atr_period"": 14, ""use_ha"": false}, ""r&s"": {""srb_left"": 15, ""srb_right"": 15}, ""atr"": {""atr_length"": 14, ""atr_mult"": 1.0}}",G-III APPAREL GROUP LTD,1WK
2026-06-08 00:00:00,Long,RGEN,133.33,9.01%,107.13,utb,参数一,"{""utb"": {""key_value"": 2, ""atr_period"": 14, ""use_ha"": false}, ""r&s"": {""srb_left"": 10, ""srb_right"": 10}, ""atr"": {""atr_length"": 14, ""atr_mult"": 1.0}}",REPLIGEN CORP,1WK
2026-06-08 00:00:00,Long,RGEN,133.33,9.01%,107.13,mfa,参数一,"{""utb"": {""key_value"": 2, ""atr_period"": 14, ""use_ha"": false}, ""mfa"": {""mfa_all"": 20}}",REPLIGEN CORP,1WK
2026-06-08 00:00:00,Short,P,69.34,-3.92%,84.76,utb,参数一,"{""utb"": {""key_value"": 2, ""atr_period"": 14, ""use_ha"": false}, ""r&s"": {""srb_left"": 10, ""srb_right"": 10}, ""atr"": {""atr_length"": 14, ""atr_mult"": 1.0}}",EVERPURE INC-A,1WK
2026-06-08 00:00:00,Short,NXT,119.68,-9.04%,155.06,utb,参数一,"{""utb"": {""key_value"": 2, ""atr_period"": 14, ""use_ha"": false}, ""r&s"": {""srb_left"": 10, ""srb_right"": 10}, ""atr"": {""atr_length"": 14, ""atr_mult"": 1.0}}",NEXTPOWER INC-CL A,1WK
2026-06-08 00:00:00,Long,CFG,66.51,3.95%,60.39,utb,参数二,"{""utb"": {""key_value"": 3, ""atr_period"": 14, ""use_ha"": false}, ""r&s"": {""srb_left"": 15, ""srb_right"": 15}, ""atr"": {""atr_length"": 14, ""atr_mult"": 1.0}}",CITIZENS FINANCIAL GROUP,1WK
2026-06-08 00:00:00,Short,AU,83.18,-1.12%,99.23,utb,参数一,"{""utb"": {""key_value"": 2, ""atr_period"": 14, ""use_ha"": false}, ""r&s"": {""srb_left"": 10, ""srb_right"": 10}, ""atr"": {""atr_length"": 14, ""atr_mult"": 1.0}}",ANGLOGOLD ASHANTI PLC,1WK
2026-06-08 00:00:00,Long,FCNCA,2117.01,2.02%,1951.46,utb,参数二,"{""utb"": {""key_value"": 3, ""atr_period"": 14, ""use_ha"": false}, ""r&s"": {""srb_left"": 15, ""srb_right"": 15}, ""atr"": {""atr_length"": 14, ""atr_mult"": 1.0}}",FIRST CITIZENS BCSHS  -CL A,1WK
2026-06-08 00:00:00,Short,STEP,42.52,-5.32%,50.92,utb,参数一,"{""utb"": {""key_value"": 2, ""atr_period"": 14, ""use_ha"": false}, ""r&s"": {""srb_left"": 10, ""srb_right"": 10}, ""atr"": {""atr_length"": 14, ""atr_mult"": 1.0}}",STEPSTONE GROUP INC-CLASS A,1WK
2026-06-08 00:00:00,Long,SFNC,22.19,2.83%,20.55,utb,参数二,"{""utb"": {""key_value"": 3, ""atr_period"": 14, ""use_ha"": false}, ""r&s"": {""srb_left"": 15, ""srb_right"": 15}, ""atr"": {""atr_length"": 14, ""atr_mult"": 1.0}}",SIMMONS FIRST NATL CORP-CL A,1WK
2026-06-08 00:00:00,Long,RNST,42.26,3.50%,38.4,utb,参数二,"{""utb"": {""key_value"": 3, ""atr_period"": 14, ""use_ha"": false}, ""r&s"": {""srb_left"": 15, ""srb_right"": 15}, ""atr"": {""atr_length"": 14, ""atr_mult"": 1.0}}",RENASANT CORP,1WK
2026-06-08 00:00:00,Long,RNST,42.26,3.50%,38.4,mfa,参数二,"{""utb"": {""key_value"": 3, ""atr_period"": 14, ""use_ha"": false}, ""mfa"": {""mfa_all"": 13}}",RENASANT CORP,1WK
2026-06-08 00:00:00,Long,DSY,3.88,119.21%,-0.23,utb,参数一,"{""utb"": {""key_value"": 2, ""atr_period"": 14, ""use_ha"": false}, ""r&s"": {""srb_left"": 10, ""srb_right"": 10}, ""atr"": {""atr_length"": 14, ""atr_mult"": 1.0}}",BIG TREE CLOUD HOLDINGS LT-A,1WK
2026-06-08 00:00:00,Long,DSY,3.88,119.21%,-0.23,mfa,参数一,"{""utb"": {""key_value"": 2, ""atr_period"": 14, ""use_ha"": false}, ""mfa"": {""mfa_all"": 20}}",BIG TREE CLOUD HOLDINGS LT-A,1WK
2026-06-08 00:00:00,Long,DSY,3.88,119.21%,-0.23,utb,参数二,"{""utb"": {""key_value"": 3, ""atr_period"": 14, ""use_ha"": false}, ""r&s"": {""srb_left"": 15, ""srb_right"": 15}, ""atr"": {""atr_length"": 14, ""atr_mult"": 1.0}}",BIG TREE CLOUD HOLDINGS LT-A,1WK
2026-06-08 00:00:00,Long,DSY,3.88,119.21%,-0.23,mfa,参数二,"{""utb"": {""key_value"": 3, ""atr_period"": 14, ""use_ha"": false}, ""mfa"": {""mfa_all"": 20}}",BIG TREE CLOUD HOLDINGS LT-A,1WK
2026-06-08 00:00:00,Short,HASI,37.33,-3.47%,41.8,utb,参数一,"{""utb"": {""key_value"": 2, ""atr_period"": 14, ""use_ha"": false}, ""r&s"": {""srb_left"": 10, ""srb_right"": 10}, ""atr"": {""atr_length"": 14, ""atr_mult"": 1.0}}",HA SUSTAINABLE INFRASTRUCTUR,1WK
2026-06-08 00:00:00,Short,FNV,207.91,-4.95%,241.17,utb,参数二,"{""utb"": {""key_value"": 3, ""atr_period"": 14, ""use_ha"": false}, ""r&s"": {""srb_left"": 15, ""srb_right"": 15}, ""atr"": {""atr_length"": 14, ""atr_mult"": 1.0}}",FRANCO-NEVADA CORP,1WK
2026-06-08 00:00:00,Long,TNET,47.82,2.53%,41.38,utb,参数二,"{""utb"": {""key_value"": 3, ""atr_period"": 14, ""use_ha"": false}, ""r&s"": {""srb_left"": 15, ""srb_right"": 15}, ""atr"": {""atr_length"": 14, ""atr_mult"": 1.0}}",TRINET GROUP INC,1WK
2026-06-08 00:00:00,Long,TNGX,29.82,47.48%,22.24,utb,参数一,"{""utb"": {""key_value"": 2, ""atr_period"": 14, ""use_ha"": false}, ""r&s"": {""srb_left"": 10, ""srb_right"": 10}, ""atr"": {""atr_length"": 14, ""atr_mult"": 1.0}}",TANGO THERAPEUTICS INC,1WK
2026-06-08 00:00:00,Long,LAD,312.66,8.25%,263.31,utb,参数二,"{""utb"": {""key_value"": 3, ""atr_period"": 14, ""use_ha"": false}, ""r&s"": {""srb_left"": 15, ""srb_right"": 15}, ""atr"": {""atr_length"": 14, ""atr_mult"": 1.0}}",LITHIA MOTORS INC,1WK
2026-06-08 00:00:00,Long,LAD,312.66,8.25%,263.31,mfa,参数二,"{""utb"": {""key_value"": 3, ""atr_period"": 14, ""use_ha"": false}, ""mfa"": {""mfa_all"": 18}}",LITHIA MOTORS INC,1WK
2026-06-08 00:00:00,Short,NEM,97.59,-2.13%,112.17,utb,参数一,"{""utb"": {""key_value"": 2, ""atr_period"": 14, ""use_ha"": false}, ""r&s"": {""srb_left"": 10, ""srb_right"": 10}, ""atr"": {""atr_length"": 14, ""atr_mult"": 1.0}}",NEWMONT CORP,1WK
2026-06-08 00:00:00,Long,HBAN,17.21,4.18%,15.53,utb,参数一,"{""utb"": {""key_value"": 2, ""atr_period"": 14, ""use_ha"": false}, ""r&s"": {""srb_left"": 10, ""srb_right"": 10}, ""atr"": {""atr_length"": 14, ""atr_mult"": 1.0}}",HUNTINGTON BANCSHARES INC,1WK
2026-06-08 00:00:00,Long,GHC,1156.21,2.09%,1071.54,utb,参数一,"{""utb"": {""key_value"": 2, ""atr_period"": 14, ""use_ha"": false}, ""r&s"": {""srb_left"": 10, ""srb_right"": 10}, ""atr"": {""atr_length"": 14, ""atr_mult"": 1.0}}",GRAHAM HOLDINGS CO-CLASS B,1WK
2026-06-08 00:00:00,Short,TXNM,57.14,-3.69%,59.99,utb,参数一,"{""utb"": {""key_value"": 2, ""atr_period"": 14, ""use_ha"": false}, ""r&s"": {""srb_left"": 10, ""srb_right"": 10}, ""atr"": {""atr_length"": 14, ""atr_mult"": 1.0}}",TXNM ENERGY INC,1WK
2026-06-08 00:00:00,Short,TXNM,57.14,-3.69%,59.99,utb,参数二,"{""utb"": {""key_value"": 3, ""atr_period"": 14, ""use_ha"": false}, ""r&s"": {""srb_left"": 15, ""srb_right"": 15}, ""atr"": {""atr_length"": 14, ""atr_mult"": 1.0}}",TXNM ENERGY INC,1WK
2026-06-08 00:00:00,Long,HSIC,80.22,3.58%,72.48,utb,参数一,"{""utb"": {""key_value"": 2, ""atr_period"": 14, ""use_ha"": false}, ""r&s"": {""srb_left"": 10, ""srb_right"": 10}, ""atr"": {""atr_length"": 14, ""atr_mult"": 1.0}}",HENRY SCHEIN INC,1WK
2026-06-08 00:00:00,Long,HSIC,80.22,3.58%,72.48,mfa,参数一,"{""utb"": {""key_value"": 2, ""atr_period"": 14, ""use_ha"": false}, ""mfa"": {""mfa_all"": 13}}",HENRY SCHEIN INC,1WK
2026-06-08 00:00:00,Short,AUR,5.97,-5.39%,7.25,utb,参数一,"{""utb"": {""key_value"": 2, ""atr_period"": 14, ""use_ha"": false}, ""r&s"": {""srb_left"": 10, ""srb_right"": 10}, ""atr"": {""atr_length"": 14, ""atr_mult"": 1.0}}",AURORA INNOVATION INC,1WK
2026-06-08 00:00:00,Long,TREX,46.34,16.87%,35.94,utb,参数二,"{""utb"": {""key_value"": 3, ""atr_period"": 14, ""use_ha"": false}, ""r&s"": {""srb_left"": 15, ""srb_right"": 15}, ""atr"": {""atr_length"": 14, ""atr_mult"": 1.0}}",TREX COMPANY INC,1WK
2026-06-08 00:00:00,Long,PRU,106.51,1.81%,97.36,utb,参数二,"{""utb"": {""key_value"": 3, ""atr_period"": 14, ""use_ha"": false}, ""r&s"": {""srb_left"": 15, ""srb_right"": 15}, ""atr"": {""atr_length"": 14, ""atr_mult"": 1.0}}",PRUDENTIAL FINANCIAL INC,1WK
2026-06-08 00:00:00,Short,RRC,38.0,-2.81%,42.53,utb,参数二,"{""utb"": {""key_value"": 3, ""atr_period"": 14, ""use_ha"": false}, ""r&s"": {""srb_left"": 15, ""srb_right"": 15}, ""atr"": {""atr_length"": 14, ""atr_mult"": 1.0}}",RANGE RESOURCES CORP,1WK
2026-06-08 00:00:00,Short,CF,106.56,-6.11%,124.71,utb,参数二,"{""utb"": {""key_value"": 3, ""atr_period"": 14, ""use_ha"": false}, ""r&s"": {""srb_left"": 15, ""srb_right"": 15}, ""atr"": {""atr_length"": 14, ""atr_mult"": 1.0}}",CF INDUSTRIES HOLDINGS INC,1WK
2026-06-08 00:00:00,Long,ADEA,32.62,12.56%,25.9,utb,参数一,"{""utb"": {""key_value"": 2, ""atr_period"": 14, ""use_ha"": false}, ""r&s"": {""srb_left"": 10, ""srb_right"": 10}, ""atr"": {""atr_length"": 14, ""atr_mult"": 1.0}}",ADEIA INC,1WK
2026-06-08 00:00:00,Long,WTS,320.89,2.33%,295.04,utb,参数一,"{""utb"": {""key_value"": 2, ""atr_period"": 14, ""use_ha"": false}, ""r&s"": {""srb_left"": 10, ""srb_right"": 10}, ""atr"": {""atr_length"": 14, ""atr_mult"": 1.0}}",WATTS WATER TECHNOLOGIES-A,1WK
2026-06-08 00:00:00,Long,SKWD,50.8,10.53%,41.72,utb,参数一,"{""utb"": {""key_value"": 2, ""atr_period"": 14, ""use_ha"": false}, ""r&s"": {""srb_left"": 10, ""srb_right"": 10}, ""atr"": {""atr_length"": 14, ""atr_mult"": 1.0}}",SKYWARD SPECIALTY INSURANCE,1WK
2026-06-08 00:00:00,Long,SKWD,50.8,10.53%,41.72,mfa,参数一,"{""utb"": {""key_value"": 2, ""atr_period"": 14, ""use_ha"": false}, ""mfa"": {""mfa_all"": 22}}",SKYWARD SPECIALTY INSURANCE,1WK
2026-06-08 00:00:00,Long,TOL,147.21,6.74%,126.8,utb,参数一,"{""utb"": {""key_value"": 2, ""atr_period"": 14, ""use_ha"": false}, ""r&s"": {""srb_left"": 10, ""srb_right"": 10}, ""atr"": {""atr_length"": 14, ""atr_mult"": 1.0}}",TOLL BROTHERS INC,1WK
2026-06-08 00:00:00,Long,TRNS,90.82,3.53%,76.15,utb,参数二,"{""utb"": {""key_value"": 3, ""atr_period"": 14, ""use_ha"": false}, ""r&s"": {""srb_left"": 15, ""srb_right"": 15}, ""atr"": {""atr_length"": 14, ""atr_mult"": 1.0}}",TRANSCAT INC,1WK
2026-06-08 00:00:00,Short,WH,77.42,-5.54%,88.19,utb,参数一,"{""utb"": {""key_value"": 2, ""atr_period"": 14, ""use_ha"": false}, ""r&s"": {""srb_left"": 10, ""srb_right"": 10}, ""atr"": {""atr_length"": 14, ""atr_mult"": 1.0}}",WYNDHAM HOTELS & RESORTS INC,1WK
2026-06-08 00:00:00,Long,EXPD,166.44,4.27%,152.26,utb,参数二,"{""utb"": {""key_value"": 3, ""atr_period"": 14, ""use_ha"": false}, ""r&s"": {""srb_left"": 15, ""srb_right"": 15}, ""atr"": {""atr_length"": 14, ""atr_mult"": 1.0}}",EXPEDITORS INTL WASH INC,1WK
2026-06-08 00:00:00,Long,ASB,28.96,5.23%,26.3,utb,参数二,"{""utb"": {""key_value"": 3, ""atr_period"": 14, ""use_ha"": false}, ""r&s"": {""srb_left"": 15, ""srb_right"": 15}, ""atr"": {""atr_length"": 14, ""atr_mult"": 1.0}}",ASSOCIATED BANC-CORP,1WK
2026-06-08 00:00:00,Long,WTFC,155.85,1.93%,143.93,utb,参数二,"{""utb"": {""key_value"": 3, ""atr_period"": 14, ""use_ha"": false}, ""r&s"": {""srb_left"": 15, ""srb_right"": 15}, ""atr"": {""atr_length"": 14, ""atr_mult"": 1.0}}",WINTRUST FINANCIAL CORP,1WK
2026-06-08 00:00:00,Long,AMRX,16.34,18.84%,12.55,utb,参数一,"{""utb"": {""key_value"": 2, ""atr_period"": 14, ""use_ha"": false}, ""r&s"": {""srb_left"": 10, ""srb_right"": 10}, ""atr"": {""atr_length"": 14, ""atr_mult"": 1.0}}",AMNEAL PHARMACEUTICALS INC,1WK
2026-06-08 00:00:00,Long,AMRX,16.34,18.84%,12.55,mfa,参数一,"{""utb"": {""key_value"": 2, ""atr_period"": 14, ""use_ha"": false}, ""mfa"": {""mfa_all"": 12}}",AMNEAL PHARMACEUTICALS INC,1WK
2026-06-08 00:00:00,Long,AMRX,16.34,18.84%,12.55,utb,参数二,"{""utb"": {""key_value"": 3, ""atr_period"": 14, ""use_ha"": false}, ""r&s"": {""srb_left"": 15, ""srb_right"": 15}, ""atr"": {""atr_length"": 14, ""atr_mult"": 1.0}}",AMNEAL PHARMACEUTICALS INC,1WK
2026-06-08 00:00:00,Long,AMRX,16.34,18.84%,12.55,mfa,参数二,"{""utb"": {""key_value"": 3, ""atr_period"": 14, ""use_ha"": false}, ""mfa"": {""mfa_all"": 12}}",AMNEAL PHARMACEUTICALS INC,1WK
2026-06-08 00:00:00,Long,KLAC,2411.64,1150.07%,-221.75,utb,参数一,"{""utb"": {""key_value"": 2, ""atr_period"": 14, ""use_ha"": false}, ""r&s"": {""srb_left"": 10, ""srb_right"": 10}, ""atr"": {""atr_length"": 14, ""atr_mult"": 1.0}}",KLA CORP,1WK
2026-06-08 00:00:00,Long,KLAC,2411.64,1150.07%,-221.75,utb,参数二,"{""utb"": {""key_value"": 3, ""atr_period"": 14, ""use_ha"": false}, ""r&s"": {""srb_left"": 15, ""srb_right"": 15}, ""atr"": {""atr_length"": 14, ""atr_mult"": 1.0}}",KLA CORP,1WK
2026-06-08 00:00:00,Short,NXE,9.75,-5.16%,12.08,utb,参数一,"{""utb"": {""key_value"": 2, ""atr_period"": 14, ""use_ha"": false}, ""r&s"": {""srb_left"": 10, ""srb_right"": 10}, ""atr"": {""atr_length"": 14, ""atr_mult"": 1.0}}",NEXGEN ENERGY LTD,1WK
2026-06-08 00:00:00,Short,MX,6.25,-9.81%,8.45,utb,参数一,"{""utb"": {""key_value"": 2, ""atr_period"": 14, ""use_ha"": false}, ""r&s"": {""srb_left"": 10, ""srb_right"": 10}, ""atr"": {""atr_length"": 14, ""atr_mult"": 1.0}}",MAGNACHIP SEMICONDUCTOR CORP,1WK
2026-06-08 00:00:00,Long,CWBC,25.45,3.25%,23.56,utb,参数一,"{""utb"": {""key_value"": 2, ""atr_period"": 14, ""use_ha"": false}, ""r&s"": {""srb_left"": 10, ""srb_right"": 10}, ""atr"": {""atr_length"": 14, ""atr_mult"": 1.0}}",COMMUNITY WEST BANCSHARES,1WK
2026-06-08 00:00:00,Long,SYY,79.64,4.39%,72.06,utb,参数一,"{""utb"": {""key_value"": 2, ""atr_period"": 14, ""use_ha"": false}, ""r&s"": {""srb_left"": 10, ""srb_right"": 10}, ""atr"": {""atr_length"": 14, ""atr_mult"": 1.0}}",SYSCO CORP,1WK
2026-06-08 00:00:00,Short,DAN,30.11,-14.87%,40.65,utb,参数二,"{""utb"": {""key_value"": 3, ""atr_period"": 14, ""use_ha"": false}, ""r&s"": {""srb_left"": 15, ""srb_right"": 15}, ""atr"": {""atr_length"": 14, ""atr_mult"": 1.0}}",DANA INC,1WK
2026-06-08 00:00:00,Long,AMC,2.28,27.37%,1.49,utb,参数一,"{""utb"": {""key_value"": 2, ""atr_period"": 14, ""use_ha"": false}, ""r&s"": {""srb_left"": 10, ""srb_right"": 10}, ""atr"": {""atr_length"": 14, ""atr_mult"": 1.0}}",AMC ENTERTAINMENT HLDS-CL A,1WK
2026-06-08 00:00:00,Short,MSFT,390.34,-6.32%,446.17,utb,参数一,"{""utb"": {""key_value"": 2, ""atr_period"": 14, ""use_ha"": false}, ""r&s"": {""srb_left"": 10, ""srb_right"": 10}, ""atr"": {""atr_length"": 14, ""atr_mult"": 1.0}}",MICROSOFT CORP,1WK
2026-06-08 00:00:00,Long,HRMY,35.2,9.32%,29.13,utb,参数二,"{""utb"": {""key_value"": 3, ""atr_period"": 14, ""use_ha"": false}, ""r&s"": {""srb_left"": 15, ""srb_right"": 15}, ""atr"": {""atr_length"": 14, ""atr_mult"": 1.0}}",HARMONY BIOSCIENCES HOLDINGS,1WK
2026-06-08 00:00:00,Short,LUMN,8.49,-4.71%,10.71,utb,参数一,"{""utb"": {""key_value"": 2, ""atr_period"": 14, ""use_ha"": false}, ""r&s"": {""srb_left"": 10, ""srb_right"": 10}, ""atr"": {""atr_length"": 14, ""atr_mult"": 1.0}}",LUMEN TECHNOLOGIES INC,1WK
2026-06-08 00:00:00,Long,FUN,24.39,17.71%,18.05,utb,参数二,"{""utb"": {""key_value"": 3, ""atr_period"": 14, ""use_ha"": false}, ""r&s"": {""srb_left"": 15, ""srb_right"": 15}, ""atr"": {""atr_length"": 14, ""atr_mult"": 1.0}}",SIX FLAGS ENTERTAINMENT CORP,1WK
2026-06-08 00:00:00,Short,WLTH,8.82,-10.46%,11.27,utb,参数一,"{""utb"": {""key_value"": 2, ""atr_period"": 14, ""use_ha"": false}, ""r&s"": {""srb_left"": 10, ""srb_right"": 10}, ""atr"": {""atr_length"": 14, ""atr_mult"": 1.0}}",WEALTHFRONT CORP,1WK
2026-06-08 00:00:00,Long,CAH,221.16,7.51%,188.51,utb,参数一,"{""utb"": {""key_value"": 2, ""atr_period"": 14, ""use_ha"": false}, ""r&s"": {""srb_left"": 10, ""srb_right"": 10}, ""atr"": {""atr_length"": 14, ""atr_mult"": 1.0}}",CARDINAL HEALTH INC,1WK
2026-06-08 00:00:00,Long,CAH,221.16,7.51%,188.51,utb,参数二,"{""utb"": {""key_value"": 3, ""atr_period"": 14, ""use_ha"": false}, ""r&s"": {""srb_left"": 15, ""srb_right"": 15}, ""atr"": {""atr_length"": 14, ""atr_mult"": 1.0}}",CARDINAL HEALTH INC,1WK
2026-06-08 00:00:00,Long,SJM,116.83,12.84%,95.18,utb,参数二,"{""utb"": {""key_value"": 3, ""atr_period"": 14, ""use_ha"": false}, ""r&s"": {""srb_left"": 15, ""srb_right"": 15}, ""atr"": {""atr_length"": 14, ""atr_mult"": 1.0}}",JM SMUCKER CO/THE,1WK
2026-06-08 00:00:00,Long,SJM,116.83,12.84%,95.18,mfa,参数二,"{""utb"": {""key_value"": 3, ""atr_period"": 14, ""use_ha"": false}, ""mfa"": {""mfa_all"": 10}}",JM SMUCKER CO/THE,1WK
2026-06-08 00:00:00,Long,WSFS,74.34,3.58%,68.7,utb,参数二,"{""utb"": {""key_value"": 3, ""atr_period"": 14, ""use_ha"": false}, ""r&s"": {""srb_left"": 15, ""srb_right"": 15}, ""atr"": {""atr_length"": 14, ""atr_mult"": 1.0}}",WSFS FINANCIAL CORP,1WK
2026-06-08 00:00:00,Long,RLI,54.13,3.34%,48.15,utb,参数一,"{""utb"": {""key_value"": 2, ""atr_period"": 14, ""use_ha"": false}, ""r&s"": {""srb_left"": 10, ""srb_right"": 10}, ""atr"": {""atr_length"": 14, ""atr_mult"": 1.0}}",RLI CORP,1WK
2026-06-08 00:00:00,Long,CVCO,598.95,8.92%,495.22,utb,参数一,"{""utb"": {""key_value"": 2, ""atr_period"": 14, ""use_ha"": false}, ""r&s"": {""srb_left"": 10, ""srb_right"": 10}, ""atr"": {""atr_length"": 14, ""atr_mult"": 1.0}}",CAVCO INDUSTRIES INC,1WK
2026-06-08 00:00:00,Long,FHB,28.15,2.93%,26.14,utb,参数二,"{""utb"": {""key_value"": 3, ""atr_period"": 14, ""use_ha"": false}, ""r&s"": {""srb_left"": 15, ""srb_right"": 15}, ""atr"": {""atr_length"": 14, ""atr_mult"": 1.0}}",FIRST HAWAIIAN INC,1WK
2026-06-08 00:00:00,Long,FHB,28.15,2.93%,26.14,mfa,参数二,"{""utb"": {""key_value"": 3, ""atr_period"": 14, ""use_ha"": false}, ""mfa"": {""mfa_all"": 15}}",FIRST HAWAIIAN INC,1WK
2026-06-08 00:00:00,Long,NWL,4.62,24.19%,3.22,utb,参数一,"{""utb"": {""key_value"": 2, ""atr_period"": 14, ""use_ha"": false}, ""r&s"": {""srb_left"": 10, ""srb_right"": 10}, ""atr"": {""atr_length"": 14, ""atr_mult"": 1.0}}",NEWELL BRANDS INC,1WK
2026-06-08 00:00:00,Long,NWL,4.62,24.19%,3.22,utb,参数二,"{""utb"": {""key_value"": 3, ""atr_period"": 14, ""use_ha"": false}, ""r&s"": {""srb_left"": 15, ""srb_right"": 15}, ""atr"": {""atr_length"": 14, ""atr_mult"": 1.0}}",NEWELL BRANDS INC,1WK
2026-06-08 00:00:00,Short,ENOV,21.12,-11.19%,27.55,utb,参数一,"{""utb"": {""key_value"": 2, ""atr_period"": 14, ""use_ha"": false}, ""r&s"": {""srb_left"": 10, ""srb_right"": 10}, ""atr"": {""atr_length"": 14, ""atr_mult"": 1.0}}",ENOVIS CORP,1WK
2026-06-08 00:00:00,Long,RACE,365.62,5.37%,323.8,utb,参数一,"{""utb"": {""key_value"": 2, ""atr_period"": 14, ""use_ha"": false}, ""r&s"": {""srb_left"": 10, ""srb_right"": 10}, ""atr"": {""atr_length"": 14, ""atr_mult"": 1.0}}",FERRARI NV,1WK
2026-06-08 00:00:00,Long,RACE,365.62,5.37%,323.8,mfa,参数一,"{""utb"": {""key_value"": 2, ""atr_period"": 14, ""use_ha"": false}, ""mfa"": {""mfa_all"": 22}}",FERRARI NV,1WK
2026-06-08 00:00:00,Long,APH,152.46,9.83%,127.8,utb,参数一,"{""utb"": {""key_value"": 2, ""atr_period"": 14, ""use_ha"": false}, ""r&s"": {""srb_left"": 10, ""srb_right"": 10}, ""atr"": {""atr_length"": 14, ""atr_mult"": 1.0}}",AMPHENOL CORP-CL A,1WK
2026-06-08 00:00:00,Long,APH,152.46,9.83%,127.8,mfa,参数一,"{""utb"": {""key_value"": 2, ""atr_period"": 14, ""use_ha"": false}, ""mfa"": {""mfa_all"": 13}}",AMPHENOL CORP-CL A,1WK
2026-06-08 00:00:00,Long,IFS,55.25,17.25%,41.24,utb,参数一,"{""utb"": {""key_value"": 2, ""atr_period"": 14, ""use_ha"": false}, ""r&s"": {""srb_left"": 10, ""srb_right"": 10}, ""atr"": {""atr_length"": 14, ""atr_mult"": 1.0}}",INTERCORP FINANCIAL SERVICES,1WK
2026-06-08 00:00:00,Long,IFS,55.25,17.25%,41.24,utb,参数二,"{""utb"": {""key_value"": 3, ""atr_period"": 14, ""use_ha"": false}, ""r&s"": {""srb_left"": 15, ""srb_right"": 15}, ""atr"": {""atr_length"": 14, ""atr_mult"": 1.0}}",INTERCORP FINANCIAL SERVICES,1WK
2026-06-08 00:00:00,Short,QUCY,1.9,-13.64%,3.03,utb,参数二,"{""utb"": {""key_value"": 3, ""atr_period"": 14, ""use_ha"": false}, ""r&s"": {""srb_left"": 15, ""srb_right"": 15}, ""atr"": {""atr_length"": 14, ""atr_mult"": 1.0}}",QUANTUM CYBER NV,1WK
2026-06-08 00:00:00,Long,LLYVA,98.43,8.63%,82.07,utb,参数一,"{""utb"": {""key_value"": 2, ""atr_period"": 14, ""use_ha"": false}, ""r&s"": {""srb_left"": 10, ""srb_right"": 10}, ""atr"": {""atr_length"": 14, ""atr_mult"": 1.0}}",LIBERTY LIVE HOLDINGS-A,1WK
2026-06-08 00:00:00,Long,FULT,23.0,4.78%,20.87,utb,参数一,"{""utb"": {""key_value"": 2, ""atr_period"": 14, ""use_ha"": false}, ""r&s"": {""srb_left"": 10, ""srb_right"": 10}, ""atr"": {""atr_length"": 14, ""atr_mult"": 1.0}}",FULTON FINANCIAL CORP,1WK
2026-06-08 00:00:00,Long,TILE,31.32,4.02%,27.85,utb,参数二,"{""utb"": {""key_value"": 3, ""atr_period"": 14, ""use_ha"": false}, ""r&s"": {""srb_left"": 15, ""srb_right"": 15}, ""atr"": {""atr_length"": 14, ""atr_mult"": 1.0}}",INTERFACE INC,1WK
2026-06-08 00:00:00,Long,TILE,31.32,4.02%,27.85,mfa,参数二,"{""utb"": {""key_value"": 3, ""atr_period"": 14, ""use_ha"": false}, ""mfa"": {""mfa_all"": 13}}",INTERFACE INC,1WK
2026-06-08 00:00:00,Long,HWH,1.86,78.85%,0.69,utb,参数一,"{""utb"": {""key_value"": 2, ""atr_period"": 14, ""use_ha"": false}, ""r&s"": {""srb_left"": 10, ""srb_right"": 10}, ""atr"": {""atr_length"": 14, ""atr_mult"": 1.0}}",HWH INTERNATIONAL INC,1WK
2026-06-08 00:00:00,Long,HWH,1.86,78.85%,0.69,mfa,参数一,"{""utb"": {""key_value"": 2, ""atr_period"": 14, ""use_ha"": false}, ""mfa"": {""mfa_all"": 19}}",HWH INTERNATIONAL INC,1WK
2026-06-08 00:00:00,Long,HWH,1.86,78.85%,0.69,utb,参数二,"{""utb"": {""key_value"": 3, ""atr_period"": 14, ""use_ha"": false}, ""r&s"": {""srb_left"": 15, ""srb_right"": 15}, ""atr"": {""atr_length"": 14, ""atr_mult"": 1.0}}",HWH INTERNATIONAL INC,1WK
2026-06-08 00:00:00,Long,HWH,1.86,78.85%,0.69,mfa,参数二,"{""utb"": {""key_value"": 3, ""atr_period"": 14, ""use_ha"": false}, ""mfa"": {""mfa_all"": 19}}",HWH INTERNATIONAL INC,1WK
