日期,代码,名称,现价,涨幅(%),成交量,STC,换手(%),条件,参组,参数,行业,总市值(亿),流通市值(亿),FC1,FC2,FC3,FC4,FC5,FC6,FC7,FC8,FC9,FC10,FC11,FC12,FC13,FC14,FC15,FC16,FC17,FC18,FC19,FC20,FC21,FC22,FC23,FC24,FC25,FC26,FC27,FC28,FC29,FC30
2026-05-06,000417,合百集团,6.76,1.05,148678.0,3.0,2.0,fit,stc,"{""stc"": {""stc_length"": 80, ""stc_fast_length"": 27, ""stc_slow_length"": 50, ""stc_factor"": 0.5}, ""utb"": {""key_value"": 2, ""atr_period"": 14, ""use_ha"": false}, ""tma"": {""tma_fast_length"": 5, ""tma_slow_length"": 8, ""tma_vfactor"": 0.618}}",一般零售,53.11,53.05,5.18,3.85,4.14,5.77,6.8,10.36,5.77,,,,,,,,,,,,,,,,,,,,,,,
2026-05-06,000620,盈新发展,3.08,10.0,1645870.0,3.53,4.0,fit,stc,"{""stc"": {""stc_length"": 80, ""stc_fast_length"": 27, ""stc_slow_length"": 50, ""stc_factor"": 0.5}, ""utb"": {""key_value"": 2, ""atr_period"": 14, ""use_ha"": false}, ""tma"": {""tma_fast_length"": 5, ""tma_slow_length"": 8, ""tma_vfactor"": 0.618}}",房地产开发,173.22,137.82,0.97,-1.3,1.95,0.32,3.25,0.32,5.84,,,,,,,,,,,,,,,,,,,,,,,
2026-05-06,000786,北新建材,26.54,2.31,188933.0,3.46,1.0,fit,stc,"{""stc"": {""stc_length"": 80, ""stc_fast_length"": 27, ""stc_slow_length"": 50, ""stc_factor"": 0.5}, ""utb"": {""key_value"": 2, ""atr_period"": 14, ""use_ha"": false}, ""tma"": {""tma_fast_length"": 5, ""tma_slow_length"": 8, ""tma_vfactor"": 0.618}}",装修建材,424.54,421.36,0.08,-1.43,0.04,1.28,-0.79,-3.54,-4.56,,,,,,,,,,,,,,,,,,,,,,,
2026-05-06,000818,航锦科技,16.85,9.99,535028.0,1.58,8.0,fit,stc,"{""stc"": {""stc_length"": 80, ""stc_fast_length"": 27, ""stc_slow_length"": 50, ""stc_factor"": 0.5}, ""utb"": {""key_value"": 2, ""atr_period"": 14, ""use_ha"": false}, ""tma"": {""tma_fast_length"": 5, ""tma_slow_length"": 8, ""tma_vfactor"": 0.618}}",化学原料,140.98,140.59,10.03,11.69,7.66,3.62,5.22,4.15,-0.59,,,,,,,,,,,,,,,,,,,,,,,
2026-05-06,002044,美年健康,5.97,9.94,1265822.0,1.55,3.0,fit,stc,"{""stc"": {""stc_length"": 80, ""stc_fast_length"": 27, ""stc_slow_length"": 50, ""stc_factor"": 0.5}, ""utb"": {""key_value"": 2, ""atr_period"": 14, ""use_ha"": false}, ""tma"": {""tma_fast_length"": 5, ""tma_slow_length"": 8, ""tma_vfactor"": 0.618}}",医疗服务,221.55,219.28,3.85,3.35,6.87,1.84,2.18,2.68,4.36,,,,,,,,,,,,,,,,,,,,,,,
2026-05-06,002053,云南能投,12.26,5.96,248570.0,14.18,3.0,fit,stc,"{""stc"": {""stc_length"": 80, ""stc_fast_length"": 27, ""stc_slow_length"": 50, ""stc_factor"": 0.5}, ""utb"": {""key_value"": 2, ""atr_period"": 14, ""use_ha"": false}, ""tma"": {""tma_fast_length"": 5, ""tma_slow_length"": 8, ""tma_vfactor"": 0.618}}",电力,125.86,125.86,-0.49,-0.41,-0.24,-0.33,3.1,0.49,-0.82,,,,,,,,,,,,,,,,,,,,,,,
2026-05-06,300002,神州泰岳,9.87,1.44,421831.0,23.88,2.0,fit,stc,"{""stc"": {""stc_length"": 80, ""stc_fast_length"": 27, ""stc_slow_length"": 50, ""stc_factor"": 0.5}, ""utb"": {""key_value"": 2, ""atr_period"": 14, ""use_ha"": false}, ""tma"": {""tma_fast_length"": 5, ""tma_slow_length"": 8, ""tma_vfactor"": 0.618}}",游戏Ⅱ,186.29,174.92,0.91,2.84,1.52,-0.3,0.1,-3.44,-4.05,,,,,,,,,,,,,,,,,,,,,,,
2026-05-06,300253,卫宁健康,8.91,3.12,893353.0,8.79,5.0,fit,stc,"{""stc"": {""stc_length"": 80, ""stc_fast_length"": 27, ""stc_slow_length"": 50, ""stc_factor"": 0.5}, ""utb"": {""key_value"": 2, ""atr_period"": 14, ""use_ha"": false}, ""tma"": {""tma_fast_length"": 5, ""tma_slow_length"": 8, ""tma_vfactor"": 0.618}}",软件开发,185.66,152.91,4.15,7.07,7.41,3.14,3.25,-0.67,-0.22,,,,,,,,,,,,,,,,,,,,,,,
2026-05-06,300368,汇金股份,12.24,20.0,756421.0,24.73,14.0,fit,stc,"{""stc"": {""stc_length"": 80, ""stc_fast_length"": 27, ""stc_slow_length"": 50, ""stc_factor"": 0.5}, ""utb"": {""key_value"": 2, ""atr_period"": 14, ""use_ha"": false}, ""tma"": {""tma_fast_length"": 5, ""tma_slow_length"": 8, ""tma_vfactor"": 0.618}}",计算机设备,63.26,63.26,2.29,2.45,5.15,1.23,1.72,-3.27,-4.58,,,,,,,,,,,,,,,,,,,,,,,
2026-05-06,300910,瑞丰新材,49.17,5.65,90781.0,10.08,4.0,fit,stc,"{""stc"": {""stc_length"": 80, ""stc_fast_length"": 27, ""stc_slow_length"": 50, ""stc_factor"": 0.5}, ""utb"": {""key_value"": 2, ""atr_period"": 14, ""use_ha"": false}, ""tma"": {""tma_fast_length"": 5, ""tma_slow_length"": 8, ""tma_vfactor"": 0.618}}",化学制品,141.07,98.64,-0.57,-0.73,-0.35,-4.01,-6.59,-4.39,-6.47,,,,,,,,,,,,,,,,,,,,,,,
2026-05-06,301093,华兰股份,87.06,1.96,48333.0,1.17,3.0,fit,stc,"{""stc"": {""stc_length"": 80, ""stc_fast_length"": 27, ""stc_slow_length"": 50, ""stc_factor"": 0.5}, ""utb"": {""key_value"": 2, ""atr_period"": 14, ""use_ha"": false}, ""tma"": {""tma_fast_length"": 5, ""tma_slow_length"": 8, ""tma_vfactor"": 0.618}}",医疗器械,145.04,138.62,8.55,11.03,12.84,21.72,23.8,23.25,17.73,,,,,,,,,,,,,,,,,,,,,,,
2026-05-06,600113,浙江东日,49.15,10.0,47081.0,2.94,1.0,fit,stc,"{""stc"": {""stc_length"": 80, ""stc_fast_length"": 27, ""stc_slow_length"": 50, ""stc_factor"": 0.5}, ""utb"": {""key_value"": 2, ""atr_period"": 14, ""use_ha"": false}, ""tma"": {""tma_fast_length"": 5, ""tma_slow_length"": 8, ""tma_vfactor"": 0.618}}",一般零售,211.3,206.42,0.47,-2.46,-6.49,-11.43,-8.22,-10.5,-12.76,,,,,,,,,,,,,,,,,,,,,,,
2026-05-06,600458,时代新材,12.24,1.92,135330.0,6.95,2.0,fit,stc,"{""stc"": {""stc_length"": 80, ""stc_fast_length"": 27, ""stc_slow_length"": 50, ""stc_factor"": 0.5}, ""utb"": {""key_value"": 2, ""atr_period"": 14, ""use_ha"": false}, ""tma"": {""tma_fast_length"": 5, ""tma_slow_length"": 8, ""tma_vfactor"": 0.618}}",轨交设备Ⅱ,120.16,111.31,0.49,2.04,3.51,0.9,2.21,2.29,0.49,,,,,,,,,,,,,,,,,,,,,,,
2026-05-06,600505,西昌电力,13.87,0.65,136829.0,7.39,4.0,fit,stc,"{""stc"": {""stc_length"": 80, ""stc_fast_length"": 27, ""stc_slow_length"": 50, ""stc_factor"": 0.5}, ""utb"": {""key_value"": 2, ""atr_period"": 14, ""use_ha"": false}, ""tma"": {""tma_fast_length"": 5, ""tma_slow_length"": 8, ""tma_vfactor"": 0.618}}",电力,55.78,55.78,-0.65,-1.01,-0.72,1.08,0.79,-3.03,-3.82,,,,,,,,,,,,,,,,,,,,,,,
2026-05-06,600730,中国高科,9.42,5.02,12315.0,7.12,0.0,fit,stc,"{""stc"": {""stc_length"": 80, ""stc_fast_length"": 27, ""stc_slow_length"": 50, ""stc_factor"": 0.5}, ""utb"": {""key_value"": 2, ""atr_period"": 14, ""use_ha"": false}, ""tma"": {""tma_fast_length"": 5, ""tma_slow_length"": 8, ""tma_vfactor"": 0.618}}",教育,55.5,55.5,4.99,10.19,15.71,21.55,22.08,28.24,32.17,,,,,,,,,,,,,,,,,,,,,,,
2026-05-06,600827,百联股份,8.48,2.54,276441.0,9.08,2.0,fit,stc,"{""stc"": {""stc_length"": 80, ""stc_fast_length"": 27, ""stc_slow_length"": 50, ""stc_factor"": 0.5}, ""utb"": {""key_value"": 2, ""atr_period"": 14, ""use_ha"": false}, ""tma"": {""tma_fast_length"": 5, ""tma_slow_length"": 8, ""tma_vfactor"": 0.618}}",一般零售,148.8,133.81,-0.94,0.0,-0.47,-2.24,-2.48,2.0,-1.42,,,,,,,,,,,,,,,,,,,,,,,
2026-05-06,603505,金石资源,18.86,2.84,228433.0,8.12,3.0,fit,stc,"{""stc"": {""stc_length"": 80, ""stc_fast_length"": 27, ""stc_slow_length"": 50, ""stc_factor"": 0.5}, ""utb"": {""key_value"": 2, ""atr_period"": 14, ""use_ha"": false}, ""tma"": {""tma_fast_length"": 5, ""tma_slow_length"": 8, ""tma_vfactor"": 0.618}}",化学制品,151.0,151.0,-1.01,0.74,1.43,-0.48,-0.9,-1.8,8.01,,,,,,,,,,,,,,,,,,,,,,,
