日期,代码,名称,现价,涨幅(%),成交量,条件,参组,参数,行业,总市值(亿),流通市值(亿)
2026-07-03,000008,神州高铁,2.37,5.33,1775354.0,fit,suf,"{""suf"": {""timeframe"": ""w"", ""rsi_length"": 14, ""weekly_rsi_threshold"": 35, ""monthly_rsi_threshold"": 45}}",轨交设备Ⅱ,73.34,73.34
2026-07-03,000423,东阿阿胶,47.09,8.3,244394.0,fit,suf,"{""suf"": {""timeframe"": ""w"", ""rsi_length"": 14, ""weekly_rsi_threshold"": 35, ""monthly_rsi_threshold"": 45}}",中药Ⅱ,359.79,359.16
2026-07-03,000501,武商集团,7.08,8.92,533745.0,fit,suf,"{""suf"": {""timeframe"": ""w"", ""rsi_length"": 14, ""weekly_rsi_threshold"": 35, ""monthly_rsi_threshold"": 45}}",一般零售,64.83,64.76
2026-07-03,000513,丽珠集团,30.39,6.89,346766.0,fit,suf,"{""suf"": {""timeframe"": ""w"", ""rsi_length"": 14, ""weekly_rsi_threshold"": 35, ""monthly_rsi_threshold"": 45}}",化学制药,302.51,193.57
2026-07-03,000516,国际医学,4.0,3.36,1195577.0,fit,suf,"{""suf"": {""timeframe"": ""w"", ""rsi_length"": 14, ""weekly_rsi_threshold"": 35, ""monthly_rsi_threshold"": 45}}",医疗服务,115.75,113.99
2026-07-03,000521,长虹美菱,5.88,17.84,2472408.0,fit,suf,"{""suf"": {""timeframe"": ""w"", ""rsi_length"": 14, ""weekly_rsi_threshold"": 35, ""monthly_rsi_threshold"": 45}}",白色家电,62.83,53.41
2026-07-03,000536,华映科技,3.98,27.16,6752789.0,fit,suf,"{""suf"": {""timeframe"": ""w"", ""rsi_length"": 14, ""weekly_rsi_threshold"": 35, ""monthly_rsi_threshold"": 45}}",光学光电子,119.49,119.37
2026-07-03,000550,江铃汽车,16.62,2.72,163348.0,fit,suf,"{""suf"": {""timeframe"": ""w"", ""rsi_length"": 14, ""weekly_rsi_threshold"": 35, ""monthly_rsi_threshold"": 45}}",商用车,150.63,90.47
2026-07-03,000566,海南海药,6.14,48.67,9762231.0,fit,suf,"{""suf"": {""timeframe"": ""w"", ""rsi_length"": 14, ""weekly_rsi_threshold"": 35, ""monthly_rsi_threshold"": 45}}",化学制药,71.23,71.19
2026-07-03,000581,威孚高科,17.96,7.16,446675.0,fit,suf,"{""suf"": {""timeframe"": ""w"", ""rsi_length"": 14, ""weekly_rsi_threshold"": 35, ""monthly_rsi_threshold"": 45}}",汽车零部件,199.45,163.77
2026-07-03,000589,贵州轮胎,4.28,4.14,1205482.0,fit,suf,"{""suf"": {""timeframe"": ""w"", ""rsi_length"": 14, ""weekly_rsi_threshold"": 35, ""monthly_rsi_threshold"": 45}}",汽车零部件,72.29,71.83
2026-07-03,000597,东北制药,4.51,7.38,619366.0,fit,suf,"{""suf"": {""timeframe"": ""w"", ""rsi_length"": 14, ""weekly_rsi_threshold"": 35, ""monthly_rsi_threshold"": 45}}",化学制药,74.49,73.57
2026-07-03,000650,仁和药业,5.37,7.62,1042891.0,fit,suf,"{""suf"": {""timeframe"": ""w"", ""rsi_length"": 14, ""weekly_rsi_threshold"": 35, ""monthly_rsi_threshold"": 45}}",中药Ⅱ,79.8,75.89
2026-07-03,000656,*ST金科,1.3,13.04,3383053.0,fit,suf,"{""suf"": {""timeframe"": ""w"", ""rsi_length"": 14, ""weekly_rsi_threshold"": 35, ""monthly_rsi_threshold"": 45}}",房地产开发,144.62,103.5
2026-07-03,000678,襄阳轴承,9.59,14.85,958853.0,fit,suf,"{""suf"": {""timeframe"": ""w"", ""rsi_length"": 14, ""weekly_rsi_threshold"": 35, ""monthly_rsi_threshold"": 45}}",汽车零部件,53.18,53.18
2026-07-03,000709,河钢股份,1.99,1.53,4497119.0,fit,suf,"{""suf"": {""timeframe"": ""w"", ""rsi_length"": 14, ""weekly_rsi_threshold"": 35, ""monthly_rsi_threshold"": 45}}",普钢,242.92,242.88
2026-07-03,000729,燕京啤酒,10.73,7.73,1873804.0,fit,suf,"{""suf"": {""timeframe"": ""w"", ""rsi_length"": 14, ""weekly_rsi_threshold"": 35, ""monthly_rsi_threshold"": 45}}",非白酒,366.97,326.75
2026-07-03,000755,山西高速,4.54,5.58,281566.0,fit,suf,"{""suf"": {""timeframe"": ""w"", ""rsi_length"": 14, ""weekly_rsi_threshold"": 35, ""monthly_rsi_threshold"": 45}}",铁路公路,77.77,77.77
2026-07-03,000756,新华制药,14.49,17.33,1540638.0,fit,suf,"{""suf"": {""timeframe"": ""w"", ""rsi_length"": 14, ""weekly_rsi_threshold"": 35, ""monthly_rsi_threshold"": 45}}",化学制药,104.08,74.54
2026-07-03,000768,中航西飞,20.99,5.42,1413028.0,fit,suf,"{""suf"": {""timeframe"": ""w"", ""rsi_length"": 14, ""weekly_rsi_threshold"": 35, ""monthly_rsi_threshold"": 45}}",航空装备Ⅱ,696.12,694.99
2026-07-03,000800,一汽解放,6.19,5.81,755961.0,fit,suf,"{""suf"": {""timeframe"": ""w"", ""rsi_length"": 14, ""weekly_rsi_threshold"": 35, ""monthly_rsi_threshold"": 45}}",商用车,322.34,322.32
2026-07-03,000801,四川九洲,12.4,13.14,2190449.0,fit,suf,"{""suf"": {""timeframe"": ""w"", ""rsi_length"": 14, ""weekly_rsi_threshold"": 35, ""monthly_rsi_threshold"": 45}}",黑色家电,136.29,136.29
2026-07-03,000813,德展健康,3.19,6.69,2033127.0,fit,suf,"{""suf"": {""timeframe"": ""w"", ""rsi_length"": 14, ""weekly_rsi_threshold"": 35, ""monthly_rsi_threshold"": 45}}",化学制药,72.77,72.76
2026-07-03,000821,ST京机,8.41,13.46,702309.0,fit,suf,"{""suf"": {""timeframe"": ""w"", ""rsi_length"": 14, ""weekly_rsi_threshold"": 35, ""monthly_rsi_threshold"": 45}}",光伏设备,76.12,73.89
2026-07-03,000828,东莞控股,9.68,2.98,249985.0,fit,suf,"{""suf"": {""timeframe"": ""w"", ""rsi_length"": 14, ""weekly_rsi_threshold"": 35, ""monthly_rsi_threshold"": 45}}",铁路公路,111.23,111.23
2026-07-03,000848,承德露露,7.99,9.3,707632.0,fit,suf,"{""suf"": {""timeframe"": ""w"", ""rsi_length"": 14, ""weekly_rsi_threshold"": 35, ""monthly_rsi_threshold"": 45}}",饮料乳品,80.58,79.88
2026-07-03,000881,中广核技,6.43,4.21,507233.0,fit,suf,"{""suf"": {""timeframe"": ""w"", ""rsi_length"": 14, ""weekly_rsi_threshold"": 35, ""monthly_rsi_threshold"": 45}}",化学制品,72.61,69.41
2026-07-03,000900,现代投资,3.64,4.0,542697.0,fit,suf,"{""suf"": {""timeframe"": ""w"", ""rsi_length"": 14, ""weekly_rsi_threshold"": 35, ""monthly_rsi_threshold"": 45}}",铁路公路,62.84,62.84
2026-07-03,000912,泸天化,3.4,4.29,981398.0,fit,suf,"{""suf"": {""timeframe"": ""w"", ""rsi_length"": 14, ""weekly_rsi_threshold"": 35, ""monthly_rsi_threshold"": 45}}",农化制品,87.65,87.65
2026-07-03,000927,中国铁物,2.36,2.61,2354413.0,fit,suf,"{""suf"": {""timeframe"": ""w"", ""rsi_length"": 14, ""weekly_rsi_threshold"": 35, ""monthly_rsi_threshold"": 45}}",轨交设备Ⅱ,189.38,189.38
2026-07-03,000937,冀中能源,4.27,9.77,954968.0,fit,suf,"{""suf"": {""timeframe"": ""w"", ""rsi_length"": 14, ""weekly_rsi_threshold"": 35, ""monthly_rsi_threshold"": 45}}",煤炭开采,208.48,202.57
2026-07-03,000959,首钢股份,3.56,13.74,3445840.0,fit,suf,"{""suf"": {""timeframe"": ""w"", ""rsi_length"": 14, ""weekly_rsi_threshold"": 35, ""monthly_rsi_threshold"": 45}}",普钢,362.16,347.99
2026-07-03,000963,华东医药,30.05,13.78,1583287.0,fit,suf,"{""suf"": {""timeframe"": ""w"", ""rsi_length"": 14, ""weekly_rsi_threshold"": 35, ""monthly_rsi_threshold"": 45}}",化学制药,622.23,621.97
2026-07-03,000957,中通客车,9.86,5.45,492385.0,fit,suf,"{""suf"": {""timeframe"": ""w"", ""rsi_length"": 14, ""weekly_rsi_threshold"": 35, ""monthly_rsi_threshold"": 45}}",商用车,65.93,65.93
2026-07-03,000975,山金国际,19.84,14.62,3269412.0,fit,suf,"{""suf"": {""timeframe"": ""w"", ""rsi_length"": 14, ""weekly_rsi_threshold"": 35, ""monthly_rsi_threshold"": 45}}",贵金属,784.42,714.0
2026-07-03,000989,九芝堂,8.31,9.63,768690.0,fit,suf,"{""suf"": {""timeframe"": ""w"", ""rsi_length"": 14, ""weekly_rsi_threshold"": 35, ""monthly_rsi_threshold"": 45}}",中药Ⅱ,80.29,65.11
2026-07-03,000999,华润三九,24.03,8.44,694703.0,fit,suf,"{""suf"": {""timeframe"": ""w"", ""rsi_length"": 14, ""weekly_rsi_threshold"": 35, ""monthly_rsi_threshold"": 45}}",中药Ⅱ,465.32,464.89
2026-07-03,001322,箭牌家居,6.31,3.95,551534.0,fit,suf,"{""suf"": {""timeframe"": ""w"", ""rsi_length"": 14, ""weekly_rsi_threshold"": 35, ""monthly_rsi_threshold"": 45}}",家居用品,72.44,58.84
2026-07-03,002003,伟星股份,8.78,5.4,470296.0,fit,suf,"{""suf"": {""timeframe"": ""w"", ""rsi_length"": 14, ""weekly_rsi_threshold"": 35, ""monthly_rsi_threshold"": 45}}",纺织制造,114.85,98.73
2026-07-03,002004,华邦健康,4.16,4.26,1029489.0,fit,suf,"{""suf"": {""timeframe"": ""w"", ""rsi_length"": 14, ""weekly_rsi_threshold"": 35, ""monthly_rsi_threshold"": 45}}",化学制药,103.35,98.22
2026-07-03,002006,精工科技,15.86,14.93,793555.0,fit,suf,"{""suf"": {""timeframe"": ""w"", ""rsi_length"": 14, ""weekly_rsi_threshold"": 35, ""monthly_rsi_threshold"": 45}}",专用设备,91.38,91.38
2026-07-03,002007,华兰生物,12.88,6.27,787759.0,fit,suf,"{""suf"": {""timeframe"": ""w"", ""rsi_length"": 14, ""weekly_rsi_threshold"": 35, ""monthly_rsi_threshold"": 45}}",生物制品,265.71,228.82
2026-07-03,002011,盾安环境,10.77,7.92,767190.0,fit,suf,"{""suf"": {""timeframe"": ""w"", ""rsi_length"": 14, ""weekly_rsi_threshold"": 35, ""monthly_rsi_threshold"": 45}}",家电零部件Ⅱ,130.04,128.21
2026-07-03,002019,亿帆医药,10.03,6.82,787106.0,fit,suf,"{""suf"": {""timeframe"": ""w"", ""rsi_length"": 14, ""weekly_rsi_threshold"": 35, ""monthly_rsi_threshold"": 45}}",化学制药,159.35,110.23
2026-07-03,002020,京新药业,15.19,28.95,1440235.0,fit,suf,"{""suf"": {""timeframe"": ""w"", ""rsi_length"": 14, ""weekly_rsi_threshold"": 35, ""monthly_rsi_threshold"": 45}}",化学制药,133.29,112.07
2026-07-03,002032,苏 泊 尔,42.04,5.97,87551.0,fit,suf,"{""suf"": {""timeframe"": ""w"", ""rsi_length"": 14, ""weekly_rsi_threshold"": 35, ""monthly_rsi_threshold"": 45}}",小家电,351.7,351.48
2026-07-03,002038,双鹭药业,6.39,26.04,3735418.0,fit,suf,"{""suf"": {""timeframe"": ""w"", ""rsi_length"": 14, ""weekly_rsi_threshold"": 35, ""monthly_rsi_threshold"": 45}}",化学制药,67.91,56.31
2026-07-03,002042,华孚时尚,3.51,3.85,1792090.0,fit,suf,"{""suf"": {""timeframe"": ""w"", ""rsi_length"": 14, ""weekly_rsi_threshold"": 35, ""monthly_rsi_threshold"": 45}}",纺织制造,75.17,75.17
2026-07-03,002053,云南能投,9.57,10.13,1134763.0,fit,suf,"{""suf"": {""timeframe"": ""w"", ""rsi_length"": 14, ""weekly_rsi_threshold"": 35, ""monthly_rsi_threshold"": 45}}",电力,125.86,125.86
2026-07-03,002061,浙江交科,3.57,7.21,922052.0,fit,suf,"{""suf"": {""timeframe"": ""w"", ""rsi_length"": 14, ""weekly_rsi_threshold"": 35, ""monthly_rsi_threshold"": 45}}",基础建设,104.3,101.37
2026-07-03,002067,景兴纸业,4.2,14.75,2268720.0,fit,suf,"{""suf"": {""timeframe"": ""w"", ""rsi_length"": 14, ""weekly_rsi_threshold"": 35, ""monthly_rsi_threshold"": 45}}",造纸,74.78,67.82
2026-07-03,002078,太阳纸业,12.58,3.62,1401442.0,fit,suf,"{""suf"": {""timeframe"": ""w"", ""rsi_length"": 14, ""weekly_rsi_threshold"": 35, ""monthly_rsi_threshold"": 45}}",造纸,419.46,416.89
2026-07-03,002092,中泰化学,4.05,7.43,3108902.0,fit,suf,"{""suf"": {""timeframe"": ""w"", ""rsi_length"": 14, ""weekly_rsi_threshold"": 35, ""monthly_rsi_threshold"": 45}}",化学原料,185.19,184.15
2026-07-03,002100,天康生物,6.48,11.15,1575106.0,fit,suf,"{""suf"": {""timeframe"": ""w"", ""rsi_length"": 14, ""weekly_rsi_threshold"": 35, ""monthly_rsi_threshold"": 45}}",饲料,99.66,99.66
2026-07-03,002102,能特科技,2.37,14.49,1176362.0,fit,suf,"{""suf"": {""timeframe"": ""w"", ""rsi_length"": 14, ""weekly_rsi_threshold"": 35, ""monthly_rsi_threshold"": 45}}",化学制药,81.94,71.92
2026-07-03,002109,兴化股份,2.79,17.72,431421.0,fit,suf,"{""suf"": {""timeframe"": ""w"", ""rsi_length"": 14, ""weekly_rsi_threshold"": 35, ""monthly_rsi_threshold"": 45}}",化学原料,62.92,62.92
2026-07-03,002121,科陆电子,5.32,0.76,1663859.0,fit,suf,"{""suf"": {""timeframe"": ""w"", ""rsi_length"": 14, ""weekly_rsi_threshold"": 35, ""monthly_rsi_threshold"": 45}}",电网设备,139.01,117.17
2026-07-03,002122,ST汇洲,2.55,15.91,1273001.0,fit,suf,"{""suf"": {""timeframe"": ""w"", ""rsi_length"": 14, ""weekly_rsi_threshold"": 35, ""monthly_rsi_threshold"": 45}}",通用设备,58.84,58.45
2026-07-03,002123,梦网科技,7.95,9.81,1398274.0,fit,suf,"{""suf"": {""timeframe"": ""w"", ""rsi_length"": 14, ""weekly_rsi_threshold"": 35, ""monthly_rsi_threshold"": 45}}",通信服务,80.86,72.3
2026-07-03,002127,南极电商,2.76,4.94,1984190.0,fit,suf,"{""suf"": {""timeframe"": ""w"", ""rsi_length"": 14, ""weekly_rsi_threshold"": 35, ""monthly_rsi_threshold"": 45}}",互联网电商,68.74,55.85
2026-07-03,002139,拓邦股份,10.28,12.97,1562808.0,fit,suf,"{""suf"": {""timeframe"": ""w"", ""rsi_length"": 14, ""weekly_rsi_threshold"": 35, ""monthly_rsi_threshold"": 45}}",消费电子,154.23,132.48
2026-07-03,002146,荣盛发展,1.13,2.73,7593997.0,fit,suf,"{""suf"": {""timeframe"": ""w"", ""rsi_length"": 14, ""weekly_rsi_threshold"": 35, ""monthly_rsi_threshold"": 45}}",房地产开发,63.48,57.11
2026-07-03,002153,石基信息,7.57,7.68,994142.0,fit,suf,"{""suf"": {""timeframe"": ""w"", ""rsi_length"": 14, ""weekly_rsi_threshold"": 35, ""monthly_rsi_threshold"": 45}}",软件开发,272.92,159.98
2026-07-03,002161,远 望 谷,5.62,4.07,1254757.0,fit,suf,"{""suf"": {""timeframe"": ""w"", ""rsi_length"": 14, ""weekly_rsi_threshold"": 35, ""monthly_rsi_threshold"": 45}}",其他电子Ⅱ,55.26,52.64
2026-07-03,002180,纳思达,16.37,12.51,2275847.0,fit,suf,"{""suf"": {""timeframe"": ""w"", ""rsi_length"": 14, ""weekly_rsi_threshold"": 35, ""monthly_rsi_threshold"": 45}}",计算机设备,241.44,231.79
2026-07-03,002210,飞马国际,2.23,5.69,3814609.0,fit,suf,"{""suf"": {""timeframe"": ""w"", ""rsi_length"": 14, ""weekly_rsi_threshold"": 35, ""monthly_rsi_threshold"": 45}}",环境治理,73.98,73.84
2026-07-03,002226,江南化工,4.69,5.87,1171164.0,fit,suf,"{""suf"": {""timeframe"": ""w"", ""rsi_length"": 14, ""weekly_rsi_threshold"": 35, ""monthly_rsi_threshold"": 45}}",化学制品,147.28,147.28
2026-07-03,002232,启明信息,14.86,9.91,335728.0,fit,suf,"{""suf"": {""timeframe"": ""w"", ""rsi_length"": 14, ""weekly_rsi_threshold"": 35, ""monthly_rsi_threshold"": 45}}",IT服务Ⅱ,70.39,70.39
2026-07-03,002233,塔牌集团,7.52,5.32,418913.0,fit,suf,"{""suf"": {""timeframe"": ""w"", ""rsi_length"": 14, ""weekly_rsi_threshold"": 35, ""monthly_rsi_threshold"": 45}}",水泥,108.84,108.76
2026-07-03,002242,九阳股份,8.31,5.06,366651.0,fit,suf,"{""suf"": {""timeframe"": ""w"", ""rsi_length"": 14, ""weekly_rsi_threshold"": 35, ""monthly_rsi_threshold"": 45}}",小家电,73.02,72.89
2026-07-03,002244,滨江集团,8.01,7.23,1476823.0,fit,suf,"{""suf"": {""timeframe"": ""w"", ""rsi_length"": 14, ""weekly_rsi_threshold"": 35, ""monthly_rsi_threshold"": 45}}",房地产开发,304.92,263.22
2026-07-03,002262,恩华药业,19.98,9.6,705236.0,fit,suf,"{""suf"": {""timeframe"": ""w"", ""rsi_length"": 14, ""weekly_rsi_threshold"": 35, ""monthly_rsi_threshold"": 45}}",化学制药,227.33,197.82
2026-07-03,002264,新 华 都,6.04,7.47,795550.0,fit,suf,"{""suf"": {""timeframe"": ""w"", ""rsi_length"": 14, ""weekly_rsi_threshold"": 35, ""monthly_rsi_threshold"": 45}}",广告营销,59.31,53.95
2026-07-03,002265,建设工业,18.49,7.06,502647.0,fit,suf,"{""suf"": {""timeframe"": ""w"", ""rsi_length"": 14, ""weekly_rsi_threshold"": 35, ""monthly_rsi_threshold"": 45}}",汽车零部件,258.57,258.57
2026-07-03,002267,陕天然气,6.89,4.39,317543.0,fit,suf,"{""suf"": {""timeframe"": ""w"", ""rsi_length"": 14, ""weekly_rsi_threshold"": 35, ""monthly_rsi_threshold"": 45}}",燃气Ⅱ,89.74,89.74
2026-07-03,002268,电科网安,13.55,9.72,829582.0,fit,suf,"{""suf"": {""timeframe"": ""w"", ""rsi_length"": 14, ""weekly_rsi_threshold"": 35, ""monthly_rsi_threshold"": 45}}",计算机设备,142.49,142.43
2026-07-03,002275,桂林三金,13.17,9.02,113565.0,fit,suf,"{""suf"": {""timeframe"": ""w"", ""rsi_length"": 14, ""weekly_rsi_threshold"": 35, ""monthly_rsi_threshold"": 45}}",中药Ⅱ,83.32,79.27
2026-07-03,002284,亚太股份,10.41,12.66,1042250.0,fit,suf,"{""suf"": {""timeframe"": ""w"", ""rsi_length"": 14, ""weekly_rsi_threshold"": 35, ""monthly_rsi_threshold"": 45}}",汽车零部件,106.36,105.22
2026-07-03,002287,奇正藏药,20.2,8.49,135630.0,fit,suf,"{""suf"": {""timeframe"": ""w"", ""rsi_length"": 14, ""weekly_rsi_threshold"": 35, ""monthly_rsi_threshold"": 45}}",中药Ⅱ,130.84,130.59
2026-07-03,002292,奥飞娱乐,7.73,17.66,2419407.0,fit,suf,"{""suf"": {""timeframe"": ""w"", ""rsi_length"": 14, ""weekly_rsi_threshold"": 35, ""monthly_rsi_threshold"": 45}}",文娱用品,114.01,78.48
2026-07-03,002294,信立泰,40.08,32.94,2482624.0,fit,suf,"{""suf"": {""timeframe"": ""w"", ""rsi_length"": 14, ""weekly_rsi_threshold"": 35, ""monthly_rsi_threshold"": 45}}",化学制药,689.85,689.69
2026-07-03,002299,圣农发展,16.33,8.07,746131.0,fit,suf,"{""suf"": {""timeframe"": ""w"", ""rsi_length"": 14, ""weekly_rsi_threshold"": 35, ""monthly_rsi_threshold"": 45}}",养殖业,221.65,217.34
2026-07-03,002332,仙琚制药,8.38,4.49,512043.0,fit,suf,"{""suf"": {""timeframe"": ""w"", ""rsi_length"": 14, ""weekly_rsi_threshold"": 35, ""monthly_rsi_threshold"": 45}}",化学制药,88.53,88.12
2026-07-03,002349,精华制药,6.55,7.73,519656.0,fit,suf,"{""suf"": {""timeframe"": ""w"", ""rsi_length"": 14, ""weekly_rsi_threshold"": 35, ""monthly_rsi_threshold"": 45}}",中药Ⅱ,60.23,59.11
2026-07-03,002366,融发核电,5.8,6.81,3098372.0,fit,suf,"{""suf"": {""timeframe"": ""w"", ""rsi_length"": 14, ""weekly_rsi_threshold"": 35, ""monthly_rsi_threshold"": 45}}",其他电源设备Ⅱ,160.23,142.48
2026-07-03,002375,亚厦股份,3.39,2.97,737795.0,fit,suf,"{""suf"": {""timeframe"": ""w"", ""rsi_length"": 14, ""weekly_rsi_threshold"": 35, ""monthly_rsi_threshold"": 45}}",装修装饰Ⅱ,51.99,51.48
2026-07-03,002382,蓝帆医疗,5.34,3.29,809653.0,fit,suf,"{""suf"": {""timeframe"": ""w"", ""rsi_length"": 14, ""weekly_rsi_threshold"": 35, ""monthly_rsi_threshold"": 45}}",医疗器械,77.85,77.28
2026-07-03,002383,合众思壮,7.21,8.26,813293.0,fit,suf,"{""suf"": {""timeframe"": ""w"", ""rsi_length"": 14, ""weekly_rsi_threshold"": 35, ""monthly_rsi_threshold"": 45}}",军工电子Ⅱ,70.7,70.7
2026-07-03,002389,航天彩虹,18.41,6.79,984416.0,fit,suf,"{""suf"": {""timeframe"": ""w"", ""rsi_length"": 14, ""weekly_rsi_threshold"": 35, ""monthly_rsi_threshold"": 45}}",航空装备Ⅱ,218.65,218.62
2026-07-03,002399,海普瑞,9.55,10.4,342065.0,fit,suf,"{""suf"": {""timeframe"": ""w"", ""rsi_length"": 14, ""weekly_rsi_threshold"": 35, ""monthly_rsi_threshold"": 45}}",化学制药,163.16,138.69
2026-07-03,002434,万里扬,6.67,12.48,1040823.0,fit,suf,"{""suf"": {""timeframe"": ""w"", ""rsi_length"": 14, ""weekly_rsi_threshold"": 35, ""monthly_rsi_threshold"": 45}}",汽车零部件,104.35,104.25
2026-07-03,002437,誉衡药业,2.96,21.81,7123482.0,fit,suf,"{""suf"": {""timeframe"": ""w"", ""rsi_length"": 14, ""weekly_rsi_threshold"": 35, ""monthly_rsi_threshold"": 45}}",化学制药,75.15,70.3
2026-07-03,002479,富春环保,4.44,3.02,540360.0,fit,suf,"{""suf"": {""timeframe"": ""w"", ""rsi_length"": 14, ""weekly_rsi_threshold"": 35, ""monthly_rsi_threshold"": 45}}",电力,50.69,50.58
2026-07-03,002489,浙江永强,2.84,3.65,1377426.0,fit,suf,"{""suf"": {""timeframe"": ""w"", ""rsi_length"": 14, ""weekly_rsi_threshold"": 35, ""monthly_rsi_threshold"": 45}}",家居用品,73.53,64.85
2026-07-03,002500,山西证券,5.38,5.7,1973588.0,fit,suf,"{""suf"": {""timeframe"": ""w"", ""rsi_length"": 14, ""weekly_rsi_threshold"": 35, ""monthly_rsi_threshold"": 45}}",证券Ⅱ,201.03,201.03
2026-07-03,002501,利源股份,1.39,11.2,1658664.0,fit,suf,"{""suf"": {""timeframe"": ""w"", ""rsi_length"": 14, ""weekly_rsi_threshold"": 35, ""monthly_rsi_threshold"": 45}}",工业金属,65.68,65.61
2026-07-03,002507,涪陵榨菜,11.17,3.04,516292.0,fit,suf,"{""suf"": {""timeframe"": ""w"", ""rsi_length"": 14, ""weekly_rsi_threshold"": 35, ""monthly_rsi_threshold"": 45}}",调味发酵品Ⅱ,144.12,143.5
2026-07-03,002511,中顺洁柔,6.96,5.78,589656.0,fit,suf,"{""suf"": {""timeframe"": ""w"", ""rsi_length"": 14, ""weekly_rsi_threshold"": 35, ""monthly_rsi_threshold"": 45}}",个护用品,107.54,105.76
2026-07-03,002550,千红制药,6.84,14.38,2283178.0,fit,suf,"{""suf"": {""timeframe"": ""w"", ""rsi_length"": 14, ""weekly_rsi_threshold"": 35, ""monthly_rsi_threshold"": 45}}",化学制药,96.11,70.69
2026-07-03,002553,南方精工,17.36,13.32,610075.0,fit,suf,"{""suf"": {""timeframe"": ""w"", ""rsi_length"": 14, ""weekly_rsi_threshold"": 35, ""monthly_rsi_threshold"": 45}}",汽车零部件,82.87,58.81
2026-07-03,002557,洽洽食品,19.34,7.74,411079.0,fit,suf,"{""suf"": {""timeframe"": ""w"", ""rsi_length"": 14, ""weekly_rsi_threshold"": 35, ""monthly_rsi_threshold"": 45}}",休闲食品,107.29,107.06
2026-07-03,002590,万安科技,10.39,4.42,420133.0,fit,suf,"{""suf"": {""timeframe"": ""w"", ""rsi_length"": 14, ""weekly_rsi_threshold"": 35, ""monthly_rsi_threshold"": 45}}",汽车零部件,63.53,60.58
2026-07-03,002605,姚记科技,18.95,3.72,457106.0,fit,suf,"{""suf"": {""timeframe"": ""w"", ""rsi_length"": 14, ""weekly_rsi_threshold"": 35, ""monthly_rsi_threshold"": 45}}",游戏Ⅱ,85.7,69.2
2026-07-03,002626,金达威,14.15,7.52,262645.0,fit,suf,"{""suf"": {""timeframe"": ""w"", ""rsi_length"": 14, ""weekly_rsi_threshold"": 35, ""monthly_rsi_threshold"": 45}}",食品加工,108.93,108.92
2026-07-03,002670,国盛证券,12.37,9.47,2212440.0,fit,suf,"{""suf"": {""timeframe"": ""w"", ""rsi_length"": 14, ""weekly_rsi_threshold"": 35, ""monthly_rsi_threshold"": 45}}",证券Ⅱ,276.52,231.98
2026-07-03,002673,西部证券,6.7,3.55,1786289.0,fit,suf,"{""suf"": {""timeframe"": ""w"", ""rsi_length"": 14, ""weekly_rsi_threshold"": 35, ""monthly_rsi_threshold"": 45}}",证券Ⅱ,324.94,324.94
2026-07-03,002681,奋达科技,4.72,1.51,2122300.0,fit,suf,"{""suf"": {""timeframe"": ""w"", ""rsi_length"": 14, ""weekly_rsi_threshold"": 35, ""monthly_rsi_threshold"": 45}}",消费电子,95.48,81.54
2026-07-03,002683,广东宏大,31.03,12.84,785742.0,fit,suf,"{""suf"": {""timeframe"": ""w"", ""rsi_length"": 14, ""weekly_rsi_threshold"": 35, ""monthly_rsi_threshold"": 45}}",化学制品,307.3,269.56
2026-07-03,002690,美亚光电,14.78,6.71,275566.0,fit,suf,"{""suf"": {""timeframe"": ""w"", ""rsi_length"": 14, ""weekly_rsi_threshold"": 35, ""monthly_rsi_threshold"": 45}}",专用设备,159.15,78.25
2026-07-03,002697,红旗连锁,4.38,5.54,699412.0,fit,suf,"{""suf"": {""timeframe"": ""w"", ""rsi_length"": 14, ""weekly_rsi_threshold"": 35, ""monthly_rsi_threshold"": 45}}",一般零售,74.53,62.74
2026-07-03,002698,博实股份,13.74,17.14,1471023.0,fit,suf,"{""suf"": {""timeframe"": ""w"", ""rsi_length"": 14, ""weekly_rsi_threshold"": 35, ""monthly_rsi_threshold"": 45}}",自动化设备,135.9,111.71
2026-07-03,002705,新宝股份,11.62,7.89,389681.0,fit,suf,"{""suf"": {""timeframe"": ""w"", ""rsi_length"": 14, ""weekly_rsi_threshold"": 35, ""monthly_rsi_threshold"": 45}}",小家电,120.81,120.25
2026-07-03,002737,葵花药业,12.53,9.05,337172.0,fit,suf,"{""suf"": {""timeframe"": ""w"", ""rsi_length"": 14, ""weekly_rsi_threshold"": 35, ""monthly_rsi_threshold"": 45}}",中药Ⅱ,72.36,72.36
2026-07-03,002755,奥赛康,15.14,21.12,833473.0,fit,suf,"{""suf"": {""timeframe"": ""w"", ""rsi_length"": 14, ""weekly_rsi_threshold"": 35, ""monthly_rsi_threshold"": 45}}",化学制药,142.84,142.84
2026-07-03,002765,蓝黛科技,7.91,13.16,713293.0,fit,suf,"{""suf"": {""timeframe"": ""w"", ""rsi_length"": 14, ""weekly_rsi_threshold"": 35, ""monthly_rsi_threshold"": 45}}",汽车零部件,66.06,60.36
2026-07-03,002773,康弘药业,22.34,14.51,803601.0,fit,suf,"{""suf"": {""timeframe"": ""w"", ""rsi_length"": 14, ""weekly_rsi_threshold"": 35, ""monthly_rsi_threshold"": 45}}",生物制品,254.75,189.91
2026-07-03,002793,罗欣药业,4.31,13.42,1431146.0,fit,suf,"{""suf"": {""timeframe"": ""w"", ""rsi_length"": 14, ""weekly_rsi_threshold"": 35, ""monthly_rsi_threshold"": 45}}",化学制药,51.99,51.91
2026-07-03,002807,江阴银行,3.85,1.85,1117408.0,fit,suf,"{""suf"": {""timeframe"": ""w"", ""rsi_length"": 14, ""weekly_rsi_threshold"": 35, ""monthly_rsi_threshold"": 45}}",银行Ⅱ,111.25,111.1
2026-07-03,002839,张家港行,4.05,1.25,1030941.0,fit,suf,"{""suf"": {""timeframe"": ""w"", ""rsi_length"": 14, ""weekly_rsi_threshold"": 35, ""monthly_rsi_threshold"": 45}}",银行Ⅱ,109.75,109.65
2026-07-03,002840,华统股份,7.92,8.34,1223286.0,fit,suf,"{""suf"": {""timeframe"": ""w"", ""rsi_length"": 14, ""weekly_rsi_threshold"": 35, ""monthly_rsi_threshold"": 45}}",食品加工,91.13,90.5
2026-07-03,002892,科力尔,9.96,13.44,644675.0,fit,suf,"{""suf"": {""timeframe"": ""w"", ""rsi_length"": 14, ""weekly_rsi_threshold"": 35, ""monthly_rsi_threshold"": 45}}",电机Ⅱ,81.53,52.93
2026-07-03,002920,德赛西威,86.48,9.61,524431.0,fit,suf,"{""suf"": {""timeframe"": ""w"", ""rsi_length"": 14, ""weekly_rsi_threshold"": 35, ""monthly_rsi_threshold"": 45}}",汽车零部件,632.86,588.23
2026-07-03,002945,华林证券,13.71,1.48,663738.0,fit,suf,"{""suf"": {""timeframe"": ""w"", ""rsi_length"": 14, ""weekly_rsi_threshold"": 35, ""monthly_rsi_threshold"": 45}}",证券Ⅱ,415.8,415.8
2026-07-03,002958,青农商行,2.83,2.17,1999951.0,fit,suf,"{""suf"": {""timeframe"": ""w"", ""rsi_length"": 14, ""weekly_rsi_threshold"": 35, ""monthly_rsi_threshold"": 45}}",银行Ⅱ,170.56,166.99
2026-07-03,002978,安宁股份,26.68,6.68,223112.0,fit,suf,"{""suf"": {""timeframe"": ""w"", ""rsi_length"": 14, ""weekly_rsi_threshold"": 35, ""monthly_rsi_threshold"": 45}}",小金属,155.24,121.46
2026-07-03,002988,豪美新材,25.44,15.85,293848.0,fit,suf,"{""suf"": {""timeframe"": ""w"", ""rsi_length"": 14, ""weekly_rsi_threshold"": 35, ""monthly_rsi_threshold"": 45}}",工业金属,72.61,72.59
2026-07-03,003006,百亚股份,14.92,8.04,408037.0,fit,suf,"{""suf"": {""timeframe"": ""w"", ""rsi_length"": 14, ""weekly_rsi_threshold"": 35, ""monthly_rsi_threshold"": 45}}",个护用品,75.32,75.13
2026-07-03,300003,乐普医疗,12.56,10.47,2130900.0,fit,suf,"{""suf"": {""timeframe"": ""w"", ""rsi_length"": 14, ""weekly_rsi_threshold"": 35, ""monthly_rsi_threshold"": 45}}",医疗器械,299.37,256.41
2026-07-03,300009,安科生物,8.16,8.8,1106822.0,fit,suf,"{""suf"": {""timeframe"": ""w"", ""rsi_length"": 14, ""weekly_rsi_threshold"": 35, ""monthly_rsi_threshold"": 45}}",生物制品,154.6,113.8
2026-07-03,300026,红日药业,3.17,8.93,2508079.0,fit,suf,"{""suf"": {""timeframe"": ""w"", ""rsi_length"": 14, ""weekly_rsi_threshold"": 35, ""monthly_rsi_threshold"": 45}}",中药Ⅱ,104.54,95.3
2026-07-03,300045,华力创通,17.7,5.23,1117472.0,fit,suf,"{""suf"": {""timeframe"": ""w"", ""rsi_length"": 14, ""weekly_rsi_threshold"": 35, ""monthly_rsi_threshold"": 45}}",军工电子Ⅱ,142.28,110.85
2026-07-03,300049,福瑞医科,45.87,23.51,547409.0,fit,suf,"{""suf"": {""timeframe"": ""w"", ""rsi_length"": 14, ""weekly_rsi_threshold"": 35, ""monthly_rsi_threshold"": 45}}",医疗器械,154.64,136.35
2026-07-03,300061,旗天科技,7.48,8.88,1370462.0,fit,suf,"{""suf"": {""timeframe"": ""w"", ""rsi_length"": 14, ""weekly_rsi_threshold"": 35, ""monthly_rsi_threshold"": 45}}",广告营销,55.09,52.01
2026-07-03,300101,振芯科技,16.66,11.29,934087.0,fit,suf,"{""suf"": {""timeframe"": ""w"", ""rsi_length"": 14, ""weekly_rsi_threshold"": 35, ""monthly_rsi_threshold"": 45}}",军工电子Ⅱ,114.6,114.23
2026-07-03,300111,向日葵,3.16,11.66,4906142.0,fit,suf,"{""suf"": {""timeframe"": ""w"", ""rsi_length"": 14, ""weekly_rsi_threshold"": 35, ""monthly_rsi_threshold"": 45}}",化学制药,53.81,53.81
2026-07-03,300119,瑞普生物,15.73,9.39,220095.0,fit,suf,"{""suf"": {""timeframe"": ""w"", ""rsi_length"": 14, ""weekly_rsi_threshold"": 35, ""monthly_rsi_threshold"": 45}}",动物保健Ⅱ,86.72,62.5
2026-07-03,300123,亚光科技,3.77,6.8,1704091.0,fit,suf,"{""suf"": {""timeframe"": ""w"", ""rsi_length"": 14, ""weekly_rsi_threshold"": 35, ""monthly_rsi_threshold"": 45}}",军工电子Ⅱ,64.78,63.43
2026-07-03,300138,晨光生物,9.9,10.74,329363.0,fit,suf,"{""suf"": {""timeframe"": ""w"", ""rsi_length"": 14, ""weekly_rsi_threshold"": 35, ""monthly_rsi_threshold"": 45}}",农产品加工,63.24,52.14
2026-07-03,300158,振东制药,4.98,8.97,1195931.0,fit,suf,"{""suf"": {""timeframe"": ""w"", ""rsi_length"": 14, ""weekly_rsi_threshold"": 35, ""monthly_rsi_threshold"": 45}}",中药Ⅱ,61.72,61.68
2026-07-03,300171,东富龙,11.81,9.66,578434.0,fit,suf,"{""suf"": {""timeframe"": ""w"", ""rsi_length"": 14, ""weekly_rsi_threshold"": 35, ""monthly_rsi_threshold"": 45}}",医疗器械,110.74,81.36
2026-07-03,300181,佐力药业,14.17,10.19,1030190.0,fit,suf,"{""suf"": {""timeframe"": ""w"", ""rsi_length"": 14, ""weekly_rsi_threshold"": 35, ""monthly_rsi_threshold"": 45}}",中药Ⅱ,109.0,93.69
2026-07-03,300217,东方电热,4.5,8.96,1561544.0,fit,suf,"{""suf"": {""timeframe"": ""w"", ""rsi_length"": 14, ""weekly_rsi_threshold"": 35, ""monthly_rsi_threshold"": 45}}",家电零部件Ⅱ,76.71,63.68
2026-07-03,300233,金城医药,13.32,10.91,607892.0,fit,suf,"{""suf"": {""timeframe"": ""w"", ""rsi_length"": 14, ""weekly_rsi_threshold"": 35, ""monthly_rsi_threshold"": 45}}",化学制药,54.51,52.51
2026-07-03,300251,光线传媒,11.67,7.56,3095825.0,fit,suf,"{""suf"": {""timeframe"": ""w"", ""rsi_length"": 14, ""weekly_rsi_threshold"": 35, ""monthly_rsi_threshold"": 45}}",影视院线,441.51,417.69
2026-07-03,300253,卫宁健康,6.93,5.48,2650027.0,fit,suf,"{""suf"": {""timeframe"": ""w"", ""rsi_length"": 14, ""weekly_rsi_threshold"": 35, ""monthly_rsi_threshold"": 45}}",软件开发,185.66,152.91
2026-07-03,300278,华昌达,4.16,10.05,1464214.0,fit,suf,"{""suf"": {""timeframe"": ""w"", ""rsi_length"": 14, ""weekly_rsi_threshold"": 35, ""monthly_rsi_threshold"": 45}}",自动化设备,65.89,65.68
2026-07-03,300287,飞利信,3.59,13.97,3636624.0,fit,suf,"{""suf"": {""timeframe"": ""w"", ""rsi_length"": 14, ""weekly_rsi_threshold"": 35, ""monthly_rsi_threshold"": 45}}",IT服务Ⅱ,64.3,59.06
2026-07-03,300298,三诺生物,14.99,9.82,298034.0,fit,suf,"{""suf"": {""timeframe"": ""w"", ""rsi_length"": 14, ""weekly_rsi_threshold"": 35, ""monthly_rsi_threshold"": 45}}",医疗器械,88.19,71.03
2026-07-03,300324,旋极信息,3.81,2.42,2925318.0,fit,suf,"{""suf"": {""timeframe"": ""w"", ""rsi_length"": 14, ""weekly_rsi_threshold"": 35, ""monthly_rsi_threshold"": 45}}",计算机设备,84.82,83.96
2026-07-03,300357,我武生物,24.14,13.33,739889.0,fit,suf,"{""suf"": {""timeframe"": ""w"", ""rsi_length"": 14, ""weekly_rsi_threshold"": 35, ""monthly_rsi_threshold"": 45}}",生物制品,133.51,123.44
2026-07-03,300358,楚天科技,8.45,11.92,1395895.0,fit,suf,"{""suf"": {""timeframe"": ""w"", ""rsi_length"": 14, ""weekly_rsi_threshold"": 35, ""monthly_rsi_threshold"": 45}}",医疗器械,68.29,66.97
2026-07-03,300406,九强生物,11.54,6.65,257466.0,fit,suf,"{""suf"": {""timeframe"": ""w"", ""rsi_length"": 14, ""weekly_rsi_threshold"": 35, ""monthly_rsi_threshold"": 45}}",医疗器械,69.89,50.59
2026-07-03,300415,伊之密,22.4,19.59,553371.0,fit,suf,"{""suf"": {""timeframe"": ""w"", ""rsi_length"": 14, ""weekly_rsi_threshold"": 35, ""monthly_rsi_threshold"": 45}}",专用设备,114.14,110.37
2026-07-03,300457,赢合科技,21.27,3.5,576724.0,fit,suf,"{""suf"": {""timeframe"": ""w"", ""rsi_length"": 14, ""weekly_rsi_threshold"": 35, ""monthly_rsi_threshold"": 45}}",电池,163.1,160.2
2026-07-03,300470,中密控股,30.88,9.46,131555.0,fit,suf,"{""suf"": {""timeframe"": ""w"", ""rsi_length"": 14, ""weekly_rsi_threshold"": 35, ""monthly_rsi_threshold"": 45}}",通用设备,74.87,71.03
2026-07-03,300527,ST应急,7.17,10.82,444631.0,fit,suf,"{""suf"": {""timeframe"": ""w"", ""rsi_length"": 14, ""weekly_rsi_threshold"": 35, ""monthly_rsi_threshold"": 45}}",地面兵装Ⅱ,82.05,82.05
2026-07-03,300529,健帆生物,16.64,10.64,357195.0,fit,suf,"{""suf"": {""timeframe"": ""w"", ""rsi_length"": 14, ""weekly_rsi_threshold"": 35, ""monthly_rsi_threshold"": 45}}",医疗器械,141.51,90.81
2026-07-03,300569,天能重工,5.0,5.71,1192109.0,fit,suf,"{""suf"": {""timeframe"": ""w"", ""rsi_length"": 14, ""weekly_rsi_threshold"": 35, ""monthly_rsi_threshold"": 45}}",风电设备,73.02,72.8
2026-07-03,300573,兴齐眼药,41.56,7.61,593767.0,fit,suf,"{""suf"": {""timeframe"": ""w"", ""rsi_length"": 14, ""weekly_rsi_threshold"": 35, ""monthly_rsi_threshold"": 45}}",化学制药,163.14,125.47
2026-07-03,300580,贝斯特,25.96,43.9,1292945.0,fit,suf,"{""suf"": {""timeframe"": ""w"", ""rsi_length"": 14, ""weekly_rsi_threshold"": 35, ""monthly_rsi_threshold"": 45}}",汽车零部件,107.85,101.47
2026-07-03,300619,金银河,32.43,21.03,507581.0,fit,suf,"{""suf"": {""timeframe"": ""w"", ""rsi_length"": 14, ""weekly_rsi_threshold"": 35, ""monthly_rsi_threshold"": 45}}",电池,72.68,60.76
2026-07-03,300660,江苏雷利,33.29,28.14,989084.0,fit,suf,"{""suf"": {""timeframe"": ""w"", ""rsi_length"": 14, ""weekly_rsi_threshold"": 35, ""monthly_rsi_threshold"": 45}}",电机Ⅱ,190.08,189.93
2026-07-03,300680,隆盛科技,26.45,20.5,742427.0,fit,suf,"{""suf"": {""timeframe"": ""w"", ""rsi_length"": 14, ""weekly_rsi_threshold"": 35, ""monthly_rsi_threshold"": 45}}",汽车零部件,87.01,67.19
2026-07-03,300685,艾德生物,18.0,11.25,543561.0,fit,suf,"{""suf"": {""timeframe"": ""w"", ""rsi_length"": 14, ""weekly_rsi_threshold"": 35, ""monthly_rsi_threshold"": 45}}",医疗器械,87.7,87.27
2026-07-03,300712,永福股份,22.38,10.46,127689.0,fit,suf,"{""suf"": {""timeframe"": ""w"", ""rsi_length"": 14, ""weekly_rsi_threshold"": 35, ""monthly_rsi_threshold"": 45}}",专业工程,57.46,57.22
2026-07-03,300722,新余国科,23.02,4.07,213401.0,fit,suf,"{""suf"": {""timeframe"": ""w"", ""rsi_length"": 14, ""weekly_rsi_threshold"": 35, ""monthly_rsi_threshold"": 45}}",航天装备Ⅱ,79.84,79.84
2026-07-03,300724,捷佳伟创,71.11,6.52,909252.0,fit,suf,"{""suf"": {""timeframe"": ""w"", ""rsi_length"": 14, ""weekly_rsi_threshold"": 35, ""monthly_rsi_threshold"": 45}}",光伏设备,417.88,345.2
2026-07-03,300761,立华股份,17.93,10.47,634899.0,fit,suf,"{""suf"": {""timeframe"": ""w"", ""rsi_length"": 14, ""weekly_rsi_threshold"": 35, ""monthly_rsi_threshold"": 45}}",养殖业,171.39,128.55
2026-07-03,300768,迪普科技,14.7,10.03,479020.0,fit,suf,"{""suf"": {""timeframe"": ""w"", ""rsi_length"": 14, ""weekly_rsi_threshold"": 35, ""monthly_rsi_threshold"": 45}}",软件开发,99.86,65.25
2026-07-03,300775,三角防务,23.2,8.11,925168.0,fit,suf,"{""suf"": {""timeframe"": ""w"", ""rsi_length"": 14, ""weekly_rsi_threshold"": 35, ""monthly_rsi_threshold"": 45}}",航空装备Ⅱ,187.7,182.23
2026-07-03,300779,惠城环保,59.27,9.25,474539.0,fit,suf,"{""suf"": {""timeframe"": ""w"", ""rsi_length"": 14, ""weekly_rsi_threshold"": 35, ""monthly_rsi_threshold"": 45}}",环境治理,175.88,140.96
2026-07-03,300832,新产业,44.3,4.51,487050.0,fit,suf,"{""suf"": {""timeframe"": ""w"", ""rsi_length"": 14, ""weekly_rsi_threshold"": 35, ""monthly_rsi_threshold"": 45}}",医疗器械,385.55,335.21
2026-07-03,300841,康华生物,48.21,10.19,153559.0,fit,suf,"{""suf"": {""timeframe"": ""w"", ""rsi_length"": 14, ""weekly_rsi_threshold"": 35, ""monthly_rsi_threshold"": 45}}",生物制品,73.5,67.27
2026-07-03,300856,科思股份,11.14,6.6,256098.0,fit,suf,"{""suf"": {""timeframe"": ""w"", ""rsi_length"": 14, ""weekly_rsi_threshold"": 35, ""monthly_rsi_threshold"": 45}}",化妆品,59.22,57.24
2026-07-03,300859,西域旅游,27.52,9.99,171788.0,fit,suf,"{""suf"": {""timeframe"": ""w"", ""rsi_length"": 14, ""weekly_rsi_threshold"": 35, ""monthly_rsi_threshold"": 45}}",旅游及景区,52.48,52.48
2026-07-03,300888,稳健医疗,28.88,7.8,224080.0,fit,suf,"{""suf"": {""timeframe"": ""w"", ""rsi_length"": 14, ""weekly_rsi_threshold"": 35, ""monthly_rsi_threshold"": 45}}",个护用品,191.88,191.67
2026-07-03,300893,松原安全,17.54,9.35,193872.0,fit,suf,"{""suf"": {""timeframe"": ""w"", ""rsi_length"": 14, ""weekly_rsi_threshold"": 35, ""monthly_rsi_threshold"": 45}}",汽车零部件,98.38,52.18
2026-07-03,300918,南山智尚,11.88,9.7,605832.0,fit,suf,"{""suf"": {""timeframe"": ""w"", ""rsi_length"": 14, ""weekly_rsi_threshold"": 35, ""monthly_rsi_threshold"": 45}}",纺织制造,70.5,70.5
2026-07-03,300957,贝泰妮,32.22,6.79,346238.0,fit,suf,"{""suf"": {""timeframe"": ""w"", ""rsi_length"": 14, ""weekly_rsi_threshold"": 35, ""monthly_rsi_threshold"": 45}}",化妆品,162.83,162.83
2026-07-03,300981,中红医疗,10.24,7.79,252781.0,fit,suf,"{""suf"": {""timeframe"": ""w"", ""rsi_length"": 14, ""weekly_rsi_threshold"": 35, ""monthly_rsi_threshold"": 45}}",医疗器械,57.04,52.27
2026-07-03,301039,中集车辆,7.48,10.0,916334.0,fit,suf,"{""suf"": {""timeframe"": ""w"", ""rsi_length"": 14, ""weekly_rsi_threshold"": 35, ""monthly_rsi_threshold"": 45}}",商用车,167.36,129.7
2026-07-03,301047,义翘神州,69.69,14.92,106146.0,fit,suf,"{""suf"": {""timeframe"": ""w"", ""rsi_length"": 14, ""weekly_rsi_threshold"": 35, ""monthly_rsi_threshold"": 45}}",生物制品,85.84,84.39
2026-07-03,301048,金鹰重工,8.99,4.9,208711.0,fit,suf,"{""suf"": {""timeframe"": ""w"", ""rsi_length"": 14, ""weekly_rsi_threshold"": 35, ""monthly_rsi_threshold"": 45}}",轨交设备Ⅱ,54.03,54.03
2026-07-03,301050,雷电微力,34.77,5.84,258102.0,fit,suf,"{""suf"": {""timeframe"": ""w"", ""rsi_length"": 14, ""weekly_rsi_threshold"": 35, ""monthly_rsi_threshold"": 45}}",军工电子Ⅱ,112.04,95.34
2026-07-03,301215,中汽股份,5.38,2.28,675404.0,fit,suf,"{""suf"": {""timeframe"": ""w"", ""rsi_length"": 14, ""weekly_rsi_threshold"": 35, ""monthly_rsi_threshold"": 45}}",汽车服务,79.43,79.34
2026-07-03,301263,泰恩康,21.96,21.66,780420.0,fit,suf,"{""suf"": {""timeframe"": ""w"", ""rsi_length"": 14, ""weekly_rsi_threshold"": 35, ""monthly_rsi_threshold"": 45}}",化学制药,110.29,78.69
2026-07-03,301301,川宁生物,8.54,8.1,871062.0,fit,suf,"{""suf"": {""timeframe"": ""w"", ""rsi_length"": 14, ""weekly_rsi_threshold"": 35, ""monthly_rsi_threshold"": 45}}",化学制药,251.11,69.56
2026-07-03,301327,华宝新能,48.37,5.38,80880.0,fit,suf,"{""suf"": {""timeframe"": ""w"", ""rsi_length"": 14, ""weekly_rsi_threshold"": 35, ""monthly_rsi_threshold"": 45}}",电池,133.02,133.02
2026-07-03,301413,安培龙,83.0,27.34,395752.0,fit,suf,"{""suf"": {""timeframe"": ""w"", ""rsi_length"": 14, ""weekly_rsi_threshold"": 35, ""monthly_rsi_threshold"": 45}}",通用设备,113.55,67.79
2026-07-03,302132,中航成飞,58.71,2.86,436134.0,fit,suf,"{""suf"": {""timeframe"": ""w"", ""rsi_length"": 14, ""weekly_rsi_threshold"": 35, ""monthly_rsi_threshold"": 45}}",军工电子Ⅱ,1822.9,399.82
2026-07-03,600022,山东钢铁,1.27,3.25,3825261.0,fit,suf,"{""suf"": {""timeframe"": ""w"", ""rsi_length"": 14, ""weekly_rsi_threshold"": 35, ""monthly_rsi_threshold"": 45}}",普钢,163.69,163.69
2026-07-03,600056,中国医药,9.12,6.29,848443.0,fit,suf,"{""suf"": {""timeframe"": ""w"", ""rsi_length"": 14, ""weekly_rsi_threshold"": 35, ""monthly_rsi_threshold"": 45}}",医药商业,151.68,151.63
2026-07-03,600062,华润双鹤,17.07,9.42,555335.0,fit,suf,"{""suf"": {""timeframe"": ""w"", ""rsi_length"": 14, ""weekly_rsi_threshold"": 35, ""monthly_rsi_threshold"": 45}}",化学制药,192.03,191.0
2026-07-03,600075,新疆天业,4.25,2.41,1987344.0,fit,suf,"{""suf"": {""timeframe"": ""w"", ""rsi_length"": 14, ""weekly_rsi_threshold"": 35, ""monthly_rsi_threshold"": 45}}",化学原料,124.64,124.64
2026-07-03,600079,ST人福,17.77,8.55,744063.0,fit,suf,"{""suf"": {""timeframe"": ""w"", ""rsi_length"": 14, ""weekly_rsi_threshold"": 35, ""monthly_rsi_threshold"": 45}}",化学制药,304.08,287.49
2026-07-03,600081,东风科技,9.75,7.03,161027.0,fit,suf,"{""suf"": {""timeframe"": ""w"", ""rsi_length"": 14, ""weekly_rsi_threshold"": 35, ""monthly_rsi_threshold"": 45}}",汽车零部件,61.83,61.83
2026-07-03,600100,同方股份,6.79,4.3,1775767.0,fit,suf,"{""suf"": {""timeframe"": ""w"", ""rsi_length"": 14, ""weekly_rsi_threshold"": 35, ""monthly_rsi_threshold"": 45}}",计算机设备,267.69,267.69
2026-07-03,600101,明星电力,8.23,3.52,682890.0,fit,suf,"{""suf"": {""timeframe"": ""w"", ""rsi_length"": 14, ""weekly_rsi_threshold"": 35, ""monthly_rsi_threshold"": 45}}",电力,59.99,59.99
2026-07-03,600116,三峡水利,5.72,2.14,673726.0,fit,suf,"{""suf"": {""timeframe"": ""w"", ""rsi_length"": 14, ""weekly_rsi_threshold"": 35, ""monthly_rsi_threshold"": 45}}",电力,137.48,137.48
2026-07-03,600129,太极集团,14.09,18.8,1062844.0,fit,suf,"{""suf"": {""timeframe"": ""w"", ""rsi_length"": 14, ""weekly_rsi_threshold"": 35, ""monthly_rsi_threshold"": 45}}",中药Ⅱ,88.89,88.89
2026-07-03,600153,建发股份,8.22,1.73,1327564.0,fit,suf,"{""suf"": {""timeframe"": ""w"", ""rsi_length"": 14, ""weekly_rsi_threshold"": 35, ""monthly_rsi_threshold"": 45}}",物流,262.41,262.41
2026-07-03,600155,华创云信,5.67,3.85,1539592.0,fit,suf,"{""suf"": {""timeframe"": ""w"", ""rsi_length"": 14, ""weekly_rsi_threshold"": 35, ""monthly_rsi_threshold"": 45}}",证券Ⅱ,139.9,139.9
2026-07-03,600167,联美控股,5.81,8.6,520388.0,fit,suf,"{""suf"": {""timeframe"": ""w"", ""rsi_length"": 14, ""weekly_rsi_threshold"": 35, ""monthly_rsi_threshold"": 45}}",电力,165.41,165.41
2026-07-03,600169,ST太重,2.07,8.38,959039.0,fit,suf,"{""suf"": {""timeframe"": ""w"", ""rsi_length"": 14, ""weekly_rsi_threshold"": 35, ""monthly_rsi_threshold"": 45}}",专用设备,80.33,80.0
2026-07-03,600195,中牧股份,6.25,5.22,425626.0,fit,suf,"{""suf"": {""timeframe"": ""w"", ""rsi_length"": 14, ""weekly_rsi_threshold"": 35, ""monthly_rsi_threshold"": 45}}",动物保健Ⅱ,76.18,76.18
2026-07-03,600196,复星医药,23.29,9.81,1990417.0,fit,suf,"{""suf"": {""timeframe"": ""w"", ""rsi_length"": 14, ""weekly_rsi_threshold"": 35, ""monthly_rsi_threshold"": 45}}",化学制药,697.78,553.56
2026-07-03,600211,西藏药业,38.78,8.93,260195.0,fit,suf,"{""suf"": {""timeframe"": ""w"", ""rsi_length"": 14, ""weekly_rsi_threshold"": 35, ""monthly_rsi_threshold"": 45}}",生物制品,131.57,131.57
2026-07-03,600216,浙江医药,12.29,8.86,1035424.0,fit,suf,"{""suf"": {""timeframe"": ""w"", ""rsi_length"": 14, ""weekly_rsi_threshold"": 35, ""monthly_rsi_threshold"": 45}}",化学制药,152.9,151.27
2026-07-03,600233,圆通速递,17.2,12.49,2280750.0,fit,suf,"{""suf"": {""timeframe"": ""w"", ""rsi_length"": 14, ""weekly_rsi_threshold"": 35, ""monthly_rsi_threshold"": 45}}",物流,711.9,711.9
2026-07-03,600266,城建发展,4.06,3.84,1797905.0,fit,suf,"{""suf"": {""timeframe"": ""w"", ""rsi_length"": 14, ""weekly_rsi_threshold"": 35, ""monthly_rsi_threshold"": 45}}",房地产开发,105.45,105.45
2026-07-03,600279,重庆港,3.95,6.47,772875.0,fit,suf,"{""suf"": {""timeframe"": ""w"", ""rsi_length"": 14, ""weekly_rsi_threshold"": 35, ""monthly_rsi_threshold"": 45}}",航运港口,61.72,61.72
2026-07-03,600300,维维股份,2.93,4.27,1083030.0,fit,suf,"{""suf"": {""timeframe"": ""w"", ""rsi_length"": 14, ""weekly_rsi_threshold"": 35, ""monthly_rsi_threshold"": 45}}",饮料乳品,56.44,56.44
2026-07-03,600315,上海家化,17.45,6.01,257294.0,fit,suf,"{""suf"": {""timeframe"": ""w"", ""rsi_length"": 14, ""weekly_rsi_threshold"": 35, ""monthly_rsi_threshold"": 45}}",化妆品,138.41,138.41
2026-07-03,600316,洪都航空,29.24,10.76,685157.0,fit,suf,"{""suf"": {""timeframe"": ""w"", ""rsi_length"": 14, ""weekly_rsi_threshold"": 35, ""monthly_rsi_threshold"": 45}}",航空装备Ⅱ,289.14,289.14
2026-07-03,600332,白云山,21.19,7.18,485411.0,fit,suf,"{""suf"": {""timeframe"": ""w"", ""rsi_length"": 14, ""weekly_rsi_threshold"": 35, ""monthly_rsi_threshold"": 45}}",中药Ⅱ,373.28,322.79
2026-07-03,600361,创新新材,3.64,3.12,2609865.0,fit,suf,"{""suf"": {""timeframe"": ""w"", ""rsi_length"": 14, ""weekly_rsi_threshold"": 35, ""monthly_rsi_threshold"": 45}}",工业金属,154.16,154.16
2026-07-03,600363,联创光电,36.81,24.48,1684130.0,fit,suf,"{""suf"": {""timeframe"": ""w"", ""rsi_length"": 14, ""weekly_rsi_threshold"": 35, ""monthly_rsi_threshold"": 45}}",消费电子,228.19,228.19
2026-07-03,600368,五洲交通,3.47,4.17,417906.0,fit,suf,"{""suf"": {""timeframe"": ""w"", ""rsi_length"": 14, ""weekly_rsi_threshold"": 35, ""monthly_rsi_threshold"": 45}}",铁路公路,63.1,63.1
2026-07-03,600372,中航机载,11.24,4.85,2043753.0,fit,suf,"{""suf"": {""timeframe"": ""w"", ""rsi_length"": 14, ""weekly_rsi_threshold"": 35, ""monthly_rsi_threshold"": 45}}",航空装备Ⅱ,627.12,627.12
2026-07-03,600376,首开股份,3.81,19.06,4099687.0,fit,suf,"{""suf"": {""timeframe"": ""w"", ""rsi_length"": 14, ""weekly_rsi_threshold"": 35, ""monthly_rsi_threshold"": 45}}",房地产开发,133.88,133.88
2026-07-03,600380,健康元,10.04,8.07,898292.0,fit,suf,"{""suf"": {""timeframe"": ""w"", ""rsi_length"": 14, ""weekly_rsi_threshold"": 35, ""monthly_rsi_threshold"": 45}}",化学制药,200.87,200.87
2026-07-03,600390,五矿资本,4.78,5.52,1960874.0,fit,suf,"{""suf"": {""timeframe"": ""w"", ""rsi_length"": 14, ""weekly_rsi_threshold"": 35, ""monthly_rsi_threshold"": 45}}",多元金融,242.9,242.9
2026-07-03,600420,国药现代,8.92,14.65,817820.0,fit,suf,"{""suf"": {""timeframe"": ""w"", ""rsi_length"": 14, ""weekly_rsi_threshold"": 35, ""monthly_rsi_threshold"": 45}}",化学制药,138.95,138.95
2026-07-03,600435,北方导航,11.44,3.06,1020297.0,fit,suf,"{""suf"": {""timeframe"": ""w"", ""rsi_length"": 14, ""weekly_rsi_threshold"": 35, ""monthly_rsi_threshold"": 45}}",地面兵装Ⅱ,223.53,223.53
2026-07-03,600456,宝钛股份,28.07,6.33,432225.0,fit,suf,"{""suf"": {""timeframe"": ""w"", ""rsi_length"": 14, ""weekly_rsi_threshold"": 35, ""monthly_rsi_threshold"": 45}}",小金属,160.2,160.2
2026-07-03,600468,百利电气,5.76,8.47,2297660.0,fit,suf,"{""suf"": {""timeframe"": ""w"", ""rsi_length"": 14, ""weekly_rsi_threshold"": 35, ""monthly_rsi_threshold"": 45}}",电网设备,100.4,100.4
2026-07-03,600480,凌云股份,9.2,13.3,1383294.0,fit,suf,"{""suf"": {""timeframe"": ""w"", ""rsi_length"": 14, ""weekly_rsi_threshold"": 35, ""monthly_rsi_threshold"": 45}}",汽车零部件,120.27,119.35
2026-07-03,600496,精工钢构,3.28,3.14,1955954.0,fit,suf,"{""suf"": {""timeframe"": ""w"", ""rsi_length"": 14, ""weekly_rsi_threshold"": 35, ""monthly_rsi_threshold"": 45}}",专业工程,79.41,79.41
2026-07-03,600508,上海能源,8.11,9.59,428834.0,fit,suf,"{""suf"": {""timeframe"": ""w"", ""rsi_length"": 14, ""weekly_rsi_threshold"": 35, ""monthly_rsi_threshold"": 45}}",煤炭开采,102.84,102.84
2026-07-03,600511,国药股份,26.94,4.82,206200.0,fit,suf,"{""suf"": {""timeframe"": ""w"", ""rsi_length"": 14, ""weekly_rsi_threshold"": 35, ""monthly_rsi_threshold"": 45}}",医药商业,218.28,160.08
2026-07-03,600521,华海药业,15.41,9.99,1323298.0,fit,suf,"{""suf"": {""timeframe"": ""w"", ""rsi_length"": 14, ""weekly_rsi_threshold"": 35, ""monthly_rsi_threshold"": 45}}",化学制药,236.87,236.87
2026-07-03,600535,天士力,14.0,5.74,645673.0,fit,suf,"{""suf"": {""timeframe"": ""w"", ""rsi_length"": 14, ""weekly_rsi_threshold"": 35, ""monthly_rsi_threshold"": 45}}",中药Ⅱ,217.22,217.22
2026-07-03,600548,深高速,8.68,6.63,155249.0,fit,suf,"{""suf"": {""timeframe"": ""w"", ""rsi_length"": 14, ""weekly_rsi_threshold"": 35, ""monthly_rsi_threshold"": 45}}",铁路公路,233.99,158.07
2026-07-03,600557,康缘药业,12.72,17.02,605029.0,fit,suf,"{""suf"": {""timeframe"": ""w"", ""rsi_length"": 14, ""weekly_rsi_threshold"": 35, ""monthly_rsi_threshold"": 45}}",中药Ⅱ,76.15,76.15
2026-07-03,600572,康恩贝,4.08,5.15,1733781.0,fit,suf,"{""suf"": {""timeframe"": ""w"", ""rsi_length"": 14, ""weekly_rsi_threshold"": 35, ""monthly_rsi_threshold"": 45}}",中药Ⅱ,110.09,109.8
2026-07-03,600587,新华医疗,12.42,7.98,361657.0,fit,suf,"{""suf"": {""timeframe"": ""w"", ""rsi_length"": 14, ""weekly_rsi_threshold"": 35, ""monthly_rsi_threshold"": 45}}",医疗器械,86.81,86.81
2026-07-03,600604,市北高新,4.1,2.5,374678.0,fit,suf,"{""suf"": {""timeframe"": ""w"", ""rsi_length"": 14, ""weekly_rsi_threshold"": 35, ""monthly_rsi_threshold"": 45}}",房地产开发,103.03,77.41
2026-07-03,600633,浙数文化,10.34,3.4,964717.0,fit,suf,"{""suf"": {""timeframe"": ""w"", ""rsi_length"": 14, ""weekly_rsi_threshold"": 35, ""monthly_rsi_threshold"": 45}}",游戏Ⅱ,155.47,155.47
2026-07-03,600644,乐山电力,8.47,8.45,1137760.0,fit,suf,"{""suf"": {""timeframe"": ""w"", ""rsi_length"": 14, ""weekly_rsi_threshold"": 35, ""monthly_rsi_threshold"": 45}}",电力,76.16,76.16
2026-07-03,600655,豫园股份,4.28,3.63,741824.0,fit,suf,"{""suf"": {""timeframe"": ""w"", ""rsi_length"": 14, ""weekly_rsi_threshold"": 35, ""monthly_rsi_threshold"": 45}}",一般零售,179.83,179.71
2026-07-03,600654,中安科,2.72,4.21,3009388.0,fit,suf,"{""suf"": {""timeframe"": ""w"", ""rsi_length"": 14, ""weekly_rsi_threshold"": 35, ""monthly_rsi_threshold"": 45}}",软件开发,96.11,77.4
2026-07-03,600664,哈药股份,3.14,7.17,2848560.0,fit,suf,"{""suf"": {""timeframe"": ""w"", ""rsi_length"": 14, ""weekly_rsi_threshold"": 35, ""monthly_rsi_threshold"": 45}}",化学制药,85.88,85.88
2026-07-03,600681,百川能源,3.42,6.21,727553.0,fit,suf,"{""suf"": {""timeframe"": ""w"", ""rsi_length"": 14, ""weekly_rsi_threshold"": 35, ""monthly_rsi_threshold"": 45}}",燃气Ⅱ,65.17,65.11
2026-07-03,600694,大商股份,14.15,6.15,196262.0,fit,suf,"{""suf"": {""timeframe"": ""w"", ""rsi_length"": 14, ""weekly_rsi_threshold"": 35, ""monthly_rsi_threshold"": 45}}",一般零售,56.78,56.78
2026-07-03,600698,湖南天雁,6.11,3.91,533824.0,fit,suf,"{""suf"": {""timeframe"": ""w"", ""rsi_length"": 14, ""weekly_rsi_threshold"": 35, ""monthly_rsi_threshold"": 45}}",汽车零部件,93.93,73.0
2026-07-03,600739,辽宁成大,10.35,3.19,750568.0,fit,suf,"{""suf"": {""timeframe"": ""w"", ""rsi_length"": 14, ""weekly_rsi_threshold"": 35, ""monthly_rsi_threshold"": 45}}",生物制品,169.8,169.8
2026-07-03,600756,浪潮软件,12.58,3.8,335723.0,fit,suf,"{""suf"": {""timeframe"": ""w"", ""rsi_length"": 14, ""weekly_rsi_threshold"": 35, ""monthly_rsi_threshold"": 45}}",IT服务Ⅱ,63.98,59.31
2026-07-03,600763,通策医疗,35.68,7.05,501099.0,fit,suf,"{""suf"": {""timeframe"": ""w"", ""rsi_length"": 14, ""weekly_rsi_threshold"": 35, ""monthly_rsi_threshold"": 45}}",医疗服务,187.55,187.55
2026-07-03,600765,中航重机,13.59,5.35,1023030.0,fit,suf,"{""suf"": {""timeframe"": ""w"", ""rsi_length"": 14, ""weekly_rsi_threshold"": 35, ""monthly_rsi_threshold"": 45}}",航空装备Ⅱ,254.14,254.14
2026-07-03,600779,水井坊,28.64,1.42,278353.0,fit,suf,"{""suf"": {""timeframe"": ""w"", ""rsi_length"": 14, ""weekly_rsi_threshold"": 35, ""monthly_rsi_threshold"": 45}}",白酒Ⅱ,160.05,160.05
2026-07-03,600812,华北制药,4.59,9.29,1118695.0,fit,suf,"{""suf"": {""timeframe"": ""w"", ""rsi_length"": 14, ""weekly_rsi_threshold"": 35, ""monthly_rsi_threshold"": 45}}",化学制药,91.45,91.45
2026-07-03,600814,杭州解百,6.41,3.72,272584.0,fit,suf,"{""suf"": {""timeframe"": ""w"", ""rsi_length"": 14, ""weekly_rsi_threshold"": 35, ""monthly_rsi_threshold"": 45}}",一般零售,56.01,56.01
2026-07-03,600817,宇通重工,9.31,4.61,122350.0,fit,suf,"{""suf"": {""timeframe"": ""w"", ""rsi_length"": 14, ""weekly_rsi_threshold"": 35, ""monthly_rsi_threshold"": 45}}",环保设备Ⅱ,58.18,57.74
2026-07-03,600828,茂业商业,3.7,6.02,1331028.0,fit,suf,"{""suf"": {""timeframe"": ""w"", ""rsi_length"": 14, ""weekly_rsi_threshold"": 35, ""monthly_rsi_threshold"": 45}}",一般零售,94.39,94.36
2026-07-03,600845,宝信软件,18.25,11.55,1331024.0,fit,suf,"{""suf"": {""timeframe"": ""w"", ""rsi_length"": 14, ""weekly_rsi_threshold"": 35, ""monthly_rsi_threshold"": 45}}",IT服务Ⅱ,634.44,471.63
2026-07-03,600846,同济科技,10.93,20.51,461687.0,fit,suf,"{""suf"": {""timeframe"": ""w"", ""rsi_length"": 14, ""weekly_rsi_threshold"": 35, ""monthly_rsi_threshold"": 45}}",工程咨询服务Ⅱ,77.1,77.1
2026-07-03,600860,京城股份,8.71,8.2,356529.0,fit,suf,"{""suf"": {""timeframe"": ""w"", ""rsi_length"": 14, ""weekly_rsi_threshold"": 35, ""monthly_rsi_threshold"": 45}}",通用设备,62.69,50.84
2026-07-03,600862,中航高科,18.7,7.41,955606.0,fit,suf,"{""suf"": {""timeframe"": ""w"", ""rsi_length"": 14, ""weekly_rsi_threshold"": 35, ""monthly_rsi_threshold"": 45}}",航空装备Ⅱ,296.86,296.86
2026-07-03,600864,哈投股份,5.4,3.85,1522146.0,fit,suf,"{""suf"": {""timeframe"": ""w"", ""rsi_length"": 14, ""weekly_rsi_threshold"": 35, ""monthly_rsi_threshold"": 45}}",证券Ⅱ,143.77,143.77
2026-07-03,600867,通化东宝,8.23,10.77,2401440.0,fit,suf,"{""suf"": {""timeframe"": ""w"", ""rsi_length"": 14, ""weekly_rsi_threshold"": 35, ""monthly_rsi_threshold"": 45}}",生物制品,174.31,174.31
2026-07-03,600872,中炬高新,18.8,10.33,1411085.0,fit,suf,"{""suf"": {""timeframe"": ""w"", ""rsi_length"": 14, ""weekly_rsi_threshold"": 35, ""monthly_rsi_threshold"": 45}}",调味发酵品Ⅱ,146.83,145.41
2026-07-03,600874,创业环保,5.51,2.61,332804.0,fit,suf,"{""suf"": {""timeframe"": ""w"", ""rsi_length"": 14, ""weekly_rsi_threshold"": 35, ""monthly_rsi_threshold"": 45}}",环境治理,99.56,78.01
2026-07-03,600882,妙可蓝多,16.89,4.13,349421.0,fit,suf,"{""suf"": {""timeframe"": ""w"", ""rsi_length"": 14, ""weekly_rsi_threshold"": 35, ""monthly_rsi_threshold"": 45}}",饮料乳品,97.32,97.32
2026-07-03,600894,广日股份,7.94,3.79,198074.0,fit,suf,"{""suf"": {""timeframe"": ""w"", ""rsi_length"": 14, ""weekly_rsi_threshold"": 35, ""monthly_rsi_threshold"": 45}}",专用设备,74.1,73.35
2026-07-03,600916,中国黄金,7.38,7.11,1757931.0,fit,suf,"{""suf"": {""timeframe"": ""w"", ""rsi_length"": 14, ""weekly_rsi_threshold"": 35, ""monthly_rsi_threshold"": 45}}",饰品,158.26,158.26
2026-07-03,600925,苏能股份,4.26,6.23,484848.0,fit,suf,"{""suf"": {""timeframe"": ""w"", ""rsi_length"": 14, ""weekly_rsi_threshold"": 35, ""monthly_rsi_threshold"": 45}}",煤炭开采,335.49,78.21
2026-07-03,600918,中泰证券,5.46,3.21,2821939.0,fit,suf,"{""suf"": {""timeframe"": ""w"", ""rsi_length"": 14, ""weekly_rsi_threshold"": 35, ""monthly_rsi_threshold"": 45}}",证券Ⅱ,485.39,240.65
2026-07-03,600933,爱柯迪,15.39,8.99,824907.0,fit,suf,"{""suf"": {""timeframe"": ""w"", ""rsi_length"": 14, ""weekly_rsi_threshold"": 35, ""monthly_rsi_threshold"": 45}}",汽车零部件,174.4,165.47
2026-07-03,600939,重庆建工,2.45,4.26,510548.0,fit,suf,"{""suf"": {""timeframe"": ""w"", ""rsi_length"": 14, ""weekly_rsi_threshold"": 35, ""monthly_rsi_threshold"": 45}}",房屋建设Ⅱ,57.84,57.84
2026-07-03,600966,博汇纸业,5.04,3.28,745240.0,fit,suf,"{""suf"": {""timeframe"": ""w"", ""rsi_length"": 14, ""weekly_rsi_threshold"": 35, ""monthly_rsi_threshold"": 45}}",造纸,90.37,90.37
2026-07-03,600975,新五丰,4.81,13.18,1162241.0,fit,suf,"{""suf"": {""timeframe"": ""w"", ""rsi_length"": 14, ""weekly_rsi_threshold"": 35, ""monthly_rsi_threshold"": 45}}",养殖业,67.36,67.36
2026-07-03,600976,健民集团,29.31,13.21,247446.0,fit,suf,"{""suf"": {""timeframe"": ""w"", ""rsi_length"": 14, ""weekly_rsi_threshold"": 35, ""monthly_rsi_threshold"": 45}}",中药Ⅱ,51.07,51.03
2026-07-03,600987,航民股份,6.47,6.59,418349.0,fit,suf,"{""suf"": {""timeframe"": ""w"", ""rsi_length"": 14, ""weekly_rsi_threshold"": 35, ""monthly_rsi_threshold"": 45}}",纺织制造,74.83,74.83
2026-07-03,600990,四创电子,19.13,10.64,273945.0,fit,suf,"{""suf"": {""timeframe"": ""w"", ""rsi_length"": 14, ""weekly_rsi_threshold"": 35, ""monthly_rsi_threshold"": 45}}",军工电子Ⅱ,61.18,60.72
2026-07-03,600993,马应龙,22.87,6.13,251999.0,fit,suf,"{""suf"": {""timeframe"": ""w"", ""rsi_length"": 14, ""weekly_rsi_threshold"": 35, ""monthly_rsi_threshold"": 45}}",中药Ⅱ,109.66,109.47
2026-07-03,600997,开滦股份,5.16,8.63,434637.0,fit,suf,"{""suf"": {""timeframe"": ""w"", ""rsi_length"": 14, ""weekly_rsi_threshold"": 35, ""monthly_rsi_threshold"": 45}}",焦炭Ⅱ,105.75,105.75
2026-07-03,601002,晋亿实业,4.57,5.06,754905.0,fit,suf,"{""suf"": {""timeframe"": ""w"", ""rsi_length"": 14, ""weekly_rsi_threshold"": 35, ""monthly_rsi_threshold"": 45}}",通用设备,51.92,51.92
2026-07-03,601008,连云港,4.26,5.45,395114.0,fit,suf,"{""suf"": {""timeframe"": ""w"", ""rsi_length"": 14, ""weekly_rsi_threshold"": 35, ""monthly_rsi_threshold"": 45}}",航运港口,61.78,61.78
2026-07-03,601019,山东出版,6.92,7.45,443240.0,fit,suf,"{""suf"": {""timeframe"": ""w"", ""rsi_length"": 14, ""weekly_rsi_threshold"": 35, ""monthly_rsi_threshold"": 45}}",出版,181.35,181.35
2026-07-03,601022,宁波远洋,7.91,3.81,247630.0,fit,suf,"{""suf"": {""timeframe"": ""w"", ""rsi_length"": 14, ""weekly_rsi_threshold"": 35, ""monthly_rsi_threshold"": 45}}",航运港口,120.0,120.0
2026-07-03,601058,赛轮轮胎,12.28,4.69,2737173.0,fit,suf,"{""suf"": {""timeframe"": ""w"", ""rsi_length"": 14, ""weekly_rsi_threshold"": 35, ""monthly_rsi_threshold"": 45}}",汽车零部件,437.32,437.32
2026-07-03,601089,福元医药,17.58,12.4,274157.0,fit,suf,"{""suf"": {""timeframe"": ""w"", ""rsi_length"": 14, ""weekly_rsi_threshold"": 35, ""monthly_rsi_threshold"": 45}}",化学制药,111.84,111.84
2026-07-03,601098,中南传媒,10.22,3.65,397339.0,fit,suf,"{""suf"": {""timeframe"": ""w"", ""rsi_length"": 14, ""weekly_rsi_threshold"": 35, ""monthly_rsi_threshold"": 45}}",出版,194.15,194.15
2026-07-03,601116,三江购物,10.06,1.31,388592.0,fit,suf,"{""suf"": {""timeframe"": ""w"", ""rsi_length"": 14, ""weekly_rsi_threshold"": 35, ""monthly_rsi_threshold"": 45}}",一般零售,77.17,77.17
2026-07-03,601139,深圳燃气,5.9,4.8,953294.0,fit,suf,"{""suf"": {""timeframe"": ""w"", ""rsi_length"": 14, ""weekly_rsi_threshold"": 35, ""monthly_rsi_threshold"": 45}}",燃气Ⅱ,211.73,211.73
2026-07-03,601163,三角轮胎,13.2,3.45,171586.0,fit,suf,"{""suf"": {""timeframe"": ""w"", ""rsi_length"": 14, ""weekly_rsi_threshold"": 35, ""monthly_rsi_threshold"": 45}}",汽车零部件,111.2,111.2
2026-07-03,601236,红塔证券,6.99,3.4,1090294.0,fit,suf,"{""suf"": {""timeframe"": ""w"", ""rsi_length"": 14, ""weekly_rsi_threshold"": 35, ""monthly_rsi_threshold"": 45}}",证券Ⅱ,370.27,370.27
2026-07-03,601311,骆驼股份,8.17,8.07,679110.0,fit,suf,"{""suf"": {""timeframe"": ""w"", ""rsi_length"": 14, ""weekly_rsi_threshold"": 35, ""monthly_rsi_threshold"": 45}}",电池,113.68,113.68
2026-07-03,601333,广深铁路,2.92,3.55,3121959.0,fit,suf,"{""suf"": {""timeframe"": ""w"", ""rsi_length"": 14, ""weekly_rsi_threshold"": 35, ""monthly_rsi_threshold"": 45}}",铁路公路,219.59,175.22
2026-07-03,601360,三六零,8.71,2.71,3618850.0,fit,suf,"{""suf"": {""timeframe"": ""w"", ""rsi_length"": 14, ""weekly_rsi_threshold"": 35, ""monthly_rsi_threshold"": 45}}",软件开发,753.85,753.85
2026-07-03,601500,通用股份,3.88,6.3,726824.0,fit,suf,"{""suf"": {""timeframe"": ""w"", ""rsi_length"": 14, ""weekly_rsi_threshold"": 35, ""monthly_rsi_threshold"": 45}}",汽车零部件,68.82,68.54
2026-07-03,601566,九牧王,8.7,9.43,528470.0,fit,suf,"{""suf"": {""timeframe"": ""w"", ""rsi_length"": 14, ""weekly_rsi_threshold"": 35, ""monthly_rsi_threshold"": 45}}",服装家纺,60.91,60.91
2026-07-03,601607,上海医药,16.12,5.43,741781.0,fit,suf,"{""suf"": {""timeframe"": ""w"", ""rsi_length"": 14, ""weekly_rsi_threshold"": 35, ""monthly_rsi_threshold"": 45}}",医药商业,618.93,465.52
2026-07-03,601700,风范股份,4.53,5.35,809465.0,fit,suf,"{""suf"": {""timeframe"": ""w"", ""rsi_length"": 14, ""weekly_rsi_threshold"": 35, ""monthly_rsi_threshold"": 45}}",电网设备,63.66,63.66
2026-07-03,601702,华峰铝业,14.22,0.64,512727.0,fit,suf,"{""suf"": {""timeframe"": ""w"", ""rsi_length"": 14, ""weekly_rsi_threshold"": 35, ""monthly_rsi_threshold"": 45}}",工业金属,186.92,186.92
2026-07-03,601799,星宇股份,100.31,2.45,407862.0,fit,suf,"{""suf"": {""timeframe"": ""w"", ""rsi_length"": 14, ""weekly_rsi_threshold"": 35, ""monthly_rsi_threshold"": 45}}",汽车零部件,354.1,354.1
2026-07-03,601811,新华文轩,11.46,4.56,93373.0,fit,suf,"{""suf"": {""timeframe"": ""w"", ""rsi_length"": 14, ""weekly_rsi_threshold"": 35, ""monthly_rsi_threshold"": 45}}",出版,164.72,105.72
2026-07-03,601890,亚星锚链,8.61,5.26,861307.0,fit,suf,"{""suf"": {""timeframe"": ""w"", ""rsi_length"": 14, ""weekly_rsi_threshold"": 35, ""monthly_rsi_threshold"": 45}}",航海装备Ⅱ,98.24,98.24
2026-07-03,601908,京运通,3.0,2.04,3039660.0,fit,suf,"{""suf"": {""timeframe"": ""w"", ""rsi_length"": 14, ""weekly_rsi_threshold"": 35, ""monthly_rsi_threshold"": 45}}",电力,116.87,116.87
2026-07-03,603013,亚普股份,17.66,11.28,182831.0,fit,suf,"{""suf"": {""timeframe"": ""w"", ""rsi_length"": 14, ""weekly_rsi_threshold"": 35, ""monthly_rsi_threshold"": 45}}",汽车零部件,102.1,102.1
2026-07-03,603033,三维股份,9.95,19.88,1147818.0,fit,suf,"{""suf"": {""timeframe"": ""w"", ""rsi_length"": 14, ""weekly_rsi_threshold"": 35, ""monthly_rsi_threshold"": 45}}",橡胶,101.47,99.63
2026-07-03,603043,广州酒家,13.32,5.13,139685.0,fit,suf,"{""suf"": {""timeframe"": ""w"", ""rsi_length"": 14, ""weekly_rsi_threshold"": 35, ""monthly_rsi_threshold"": 45}}",休闲食品,89.92,89.16
2026-07-03,603053,成都燃气,8.87,6.74,101238.0,fit,suf,"{""suf"": {""timeframe"": ""w"", ""rsi_length"": 14, ""weekly_rsi_threshold"": 35, ""monthly_rsi_threshold"": 45}}",燃气Ⅱ,91.73,91.73
2026-07-03,603071,物产环能,11.67,4.1,141213.0,fit,suf,"{""suf"": {""timeframe"": ""w"", ""rsi_length"": 14, ""weekly_rsi_threshold"": 35, ""monthly_rsi_threshold"": 45}}",贸易Ⅱ,83.14,83.14
2026-07-03,603098,森特股份,10.84,4.33,240568.0,fit,suf,"{""suf"": {""timeframe"": ""w"", ""rsi_length"": 14, ""weekly_rsi_threshold"": 35, ""monthly_rsi_threshold"": 45}}",专业工程,97.15,96.98
2026-07-03,603100,川仪股份,18.31,8.99,357872.0,fit,suf,"{""suf"": {""timeframe"": ""w"", ""rsi_length"": 14, ""weekly_rsi_threshold"": 35, ""monthly_rsi_threshold"": 45}}",通用设备,98.43,98.11
2026-07-03,603121,华培动力,13.26,9.68,578065.0,fit,suf,"{""suf"": {""timeframe"": ""w"", ""rsi_length"": 14, ""weekly_rsi_threshold"": 35, ""monthly_rsi_threshold"": 45}}",汽车零部件,57.08,57.08
2026-07-03,603128,华贸物流,5.28,4.14,446816.0,fit,suf,"{""suf"": {""timeframe"": ""w"", ""rsi_length"": 14, ""weekly_rsi_threshold"": 35, ""monthly_rsi_threshold"": 45}}",物流,73.96,73.96
2026-07-03,603160,汇顶科技,59.03,2.13,446863.0,fit,suf,"{""suf"": {""timeframe"": ""w"", ""rsi_length"": 14, ""weekly_rsi_threshold"": 35, ""monthly_rsi_threshold"": 45}}",半导体,315.4,315.4
2026-07-03,603170,宝立食品,11.82,4.23,140598.0,fit,suf,"{""suf"": {""timeframe"": ""w"", ""rsi_length"": 14, ""weekly_rsi_threshold"": 35, ""monthly_rsi_threshold"": 45}}",调味发酵品Ⅱ,50.96,50.96
2026-07-03,603187,海容冷链,12.17,7.99,271306.0,fit,suf,"{""suf"": {""timeframe"": ""w"", ""rsi_length"": 14, ""weekly_rsi_threshold"": 35, ""monthly_rsi_threshold"": 45}}",通用设备,57.27,56.67
2026-07-03,603197,保隆科技,30.23,11.63,197687.0,fit,suf,"{""suf"": {""timeframe"": ""w"", ""rsi_length"": 14, ""weekly_rsi_threshold"": 35, ""monthly_rsi_threshold"": 45}}",汽车零部件,68.58,68.58
2026-07-03,603198,迎驾贡酒,31.58,6.87,333837.0,fit,suf,"{""suf"": {""timeframe"": ""w"", ""rsi_length"": 14, ""weekly_rsi_threshold"": 35, ""monthly_rsi_threshold"": 45}}",白酒Ⅱ,255.76,255.76
2026-07-03,603235,天新药业,23.34,8.78,30324.0,fit,suf,"{""suf"": {""timeframe"": ""w"", ""rsi_length"": 14, ""weekly_rsi_threshold"": 35, ""monthly_rsi_threshold"": 45}}",化学制品,116.8,116.8
2026-07-03,603229,奥翔药业,8.46,9.3,471848.0,fit,suf,"{""suf"": {""timeframe"": ""w"", ""rsi_length"": 14, ""weekly_rsi_threshold"": 35, ""monthly_rsi_threshold"": 45}}",化学制药,83.28,83.28
2026-07-03,603236,移远通信,51.8,11.21,520444.0,fit,suf,"{""suf"": {""timeframe"": ""w"", ""rsi_length"": 14, ""weekly_rsi_threshold"": 35, ""monthly_rsi_threshold"": 45}}",通信设备,209.68,190.62
2026-07-03,603239,浙江仙通,15.5,7.49,365925.0,fit,suf,"{""suf"": {""timeframe"": ""w"", ""rsi_length"": 14, ""weekly_rsi_threshold"": 35, ""monthly_rsi_threshold"": 45}}",汽车零部件,57.74,57.74
2026-07-03,603279,景津装备,12.47,4.61,356634.0,fit,suf,"{""suf"": {""timeframe"": ""w"", ""rsi_length"": 14, ""weekly_rsi_threshold"": 35, ""monthly_rsi_threshold"": 45}}",通用设备,96.2,96.2
2026-07-03,603338,浙江鼎力,51.67,18.81,452562.0,fit,suf,"{""suf"": {""timeframe"": ""w"", ""rsi_length"": 14, ""weekly_rsi_threshold"": 35, ""monthly_rsi_threshold"": 45}}",工程机械,249.28,249.28
2026-07-03,603363,傲农生物,2.88,9.51,2949348.0,fit,suf,"{""suf"": {""timeframe"": ""w"", ""rsi_length"": 14, ""weekly_rsi_threshold"": 35, ""monthly_rsi_threshold"": 45}}",饲料,102.56,84.44
2026-07-03,603367,辰欣药业,14.01,12.53,614981.0,fit,suf,"{""suf"": {""timeframe"": ""w"", ""rsi_length"": 14, ""weekly_rsi_threshold"": 35, ""monthly_rsi_threshold"": 45}}",化学制药,75.16,75.16
2026-07-03,603368,柳药集团,15.58,6.79,187122.0,fit,suf,"{""suf"": {""timeframe"": ""w"", ""rsi_length"": 14, ""weekly_rsi_threshold"": 35, ""monthly_rsi_threshold"": 45}}",医药商业,66.61,66.61
2026-07-03,603369,今世缘,25.09,4.72,923251.0,fit,suf,"{""suf"": {""timeframe"": ""w"", ""rsi_length"": 14, ""weekly_rsi_threshold"": 35, ""monthly_rsi_threshold"": 45}}",白酒Ⅱ,336.89,336.89
2026-07-03,603387,基蛋生物,8.27,9.97,532039.0,fit,suf,"{""suf"": {""timeframe"": ""w"", ""rsi_length"": 14, ""weekly_rsi_threshold"": 35, ""monthly_rsi_threshold"": 45}}",医疗器械,50.21,50.21
2026-07-03,603396,金辰股份,26.61,2.31,160398.0,fit,suf,"{""suf"": {""timeframe"": ""w"", ""rsi_length"": 14, ""weekly_rsi_threshold"": 35, ""monthly_rsi_threshold"": 45}}",光伏设备,57.05,57.05
2026-07-03,603408,建霖家居,10.18,5.17,100577.0,fit,suf,"{""suf"": {""timeframe"": ""w"", ""rsi_length"": 14, ""weekly_rsi_threshold"": 35, ""monthly_rsi_threshold"": 45}}",家居用品,52.77,52.77
2026-07-03,603456,九洲药业,14.64,14.02,1704410.0,fit,suf,"{""suf"": {""timeframe"": ""w"", ""rsi_length"": 14, ""weekly_rsi_threshold"": 35, ""monthly_rsi_threshold"": 45}}",医疗服务,147.56,147.56
2026-07-03,603477,巨星农牧,15.21,15.12,975649.0,fit,suf,"{""suf"": {""timeframe"": ""w"", ""rsi_length"": 14, ""weekly_rsi_threshold"": 35, ""monthly_rsi_threshold"": 45}}",养殖业,86.05,86.05
2026-07-03,603511,爱慕股份,12.27,5.41,89455.0,fit,suf,"{""suf"": {""timeframe"": ""w"", ""rsi_length"": 14, ""weekly_rsi_threshold"": 35, ""monthly_rsi_threshold"": 45}}",服装家纺,55.31,55.02
2026-07-03,603583,捷昌驱动,25.34,17.86,397225.0,fit,suf,"{""suf"": {""timeframe"": ""w"", ""rsi_length"": 14, ""weekly_rsi_threshold"": 35, ""monthly_rsi_threshold"": 45}}",自动化设备,122.83,121.71
2026-07-03,603587,地素时尚,11.84,6.47,79347.0,fit,suf,"{""suf"": {""timeframe"": ""w"", ""rsi_length"": 14, ""weekly_rsi_threshold"": 35, ""monthly_rsi_threshold"": 45}}",服装家纺,57.27,57.27
2026-07-03,603590,康辰药业,31.71,12.73,193272.0,fit,suf,"{""suf"": {""timeframe"": ""w"", ""rsi_length"": 14, ""weekly_rsi_threshold"": 35, ""monthly_rsi_threshold"": 45}}",生物制品,58.45,58.16
2026-07-03,603596,伯特利,27.65,16.62,1004347.0,fit,suf,"{""suf"": {""timeframe"": ""w"", ""rsi_length"": 14, ""weekly_rsi_threshold"": 35, ""monthly_rsi_threshold"": 45}}",汽车零部件,271.54,271.54
2026-07-03,603606,东方电缆,43.75,15.07,1309451.0,fit,suf,"{""suf"": {""timeframe"": ""w"", ""rsi_length"": 14, ""weekly_rsi_threshold"": 35, ""monthly_rsi_threshold"": 45}}",电网设备,397.16,397.16
2026-07-03,603609,禾丰股份,6.33,11.84,255282.0,fit,suf,"{""suf"": {""timeframe"": ""w"", ""rsi_length"": 14, ""weekly_rsi_threshold"": 35, ""monthly_rsi_threshold"": 45}}",饲料,62.13,62.13
2026-07-03,603611,诺力股份,18.14,13.38,199566.0,fit,suf,"{""suf"": {""timeframe"": ""w"", ""rsi_length"": 14, ""weekly_rsi_threshold"": 35, ""monthly_rsi_threshold"": 45}}",工程机械,53.5,53.5
2026-07-03,603658,安图生物,31.02,8.01,135964.0,fit,suf,"{""suf"": {""timeframe"": ""w"", ""rsi_length"": 14, ""weekly_rsi_threshold"": 35, ""monthly_rsi_threshold"": 45}}",医疗器械,190.68,190.68
2026-07-03,603758,秦安股份,10.23,12.91,387522.0,fit,suf,"{""suf"": {""timeframe"": ""w"", ""rsi_length"": 14, ""weekly_rsi_threshold"": 35, ""monthly_rsi_threshold"": 45}}",汽车零部件,57.39,57.39
2026-07-03,603767,中马传动,15.8,10.64,392885.0,fit,suf,"{""suf"": {""timeframe"": ""w"", ""rsi_length"": 14, ""weekly_rsi_threshold"": 35, ""monthly_rsi_threshold"": 45}}",汽车零部件,56.76,56.76
2026-07-03,603809,豪能股份,9.82,13.66,852970.0,fit,suf,"{""suf"": {""timeframe"": ""w"", ""rsi_length"": 14, ""weekly_rsi_threshold"": 35, ""monthly_rsi_threshold"": 45}}",汽车零部件,97.09,97.09
2026-07-03,603855,华荣股份,16.5,5.47,117618.0,fit,suf,"{""suf"": {""timeframe"": ""w"", ""rsi_length"": 14, ""weekly_rsi_threshold"": 35, ""monthly_rsi_threshold"": 45}}",专用设备,64.03,63.65
2026-07-03,603858,步长制药,15.3,6.47,327347.0,fit,suf,"{""suf"": {""timeframe"": ""w"", ""rsi_length"": 14, ""weekly_rsi_threshold"": 35, ""monthly_rsi_threshold"": 45}}",中药Ⅱ,171.89,171.89
2026-07-03,603901,永创智能,11.65,17.09,812599.0,fit,suf,"{""suf"": {""timeframe"": ""w"", ""rsi_length"": 14, ""weekly_rsi_threshold"": 35, ""monthly_rsi_threshold"": 45}}",专用设备,59.85,55.69
2026-07-03,603939,益丰药房,19.96,9.79,829620.0,fit,suf,"{""suf"": {""timeframe"": ""w"", ""rsi_length"": 14, ""weekly_rsi_threshold"": 35, ""monthly_rsi_threshold"": 45}}",医药商业,292.19,292.19
2026-07-03,603983,丸美生物,29.16,25.42,625706.0,fit,suf,"{""suf"": {""timeframe"": ""w"", ""rsi_length"": 14, ""weekly_rsi_threshold"": 35, ""monthly_rsi_threshold"": 45}}",化妆品,106.91,106.91
2026-07-03,605005,合兴股份,15.95,1.79,69098.0,fit,suf,"{""suf"": {""timeframe"": ""w"", ""rsi_length"": 14, ""weekly_rsi_threshold"": 35, ""monthly_rsi_threshold"": 45}}",汽车零部件,82.0,82.0
2026-07-03,605008,长鸿高科,11.8,6.02,113732.0,fit,suf,"{""suf"": {""timeframe"": ""w"", ""rsi_length"": 14, ""weekly_rsi_threshold"": 35, ""monthly_rsi_threshold"": 45}}",塑料,77.71,77.71
2026-07-03,605009,豪悦护理,25.46,13.31,148484.0,fit,suf,"{""suf"": {""timeframe"": ""w"", ""rsi_length"": 14, ""weekly_rsi_threshold"": 35, ""monthly_rsi_threshold"": 45}}",个护用品,61.4,61.39
2026-07-03,605011,杭州热电,17.39,12.34,285430.0,fit,suf,"{""suf"": {""timeframe"": ""w"", ""rsi_length"": 14, ""weekly_rsi_threshold"": 35, ""monthly_rsi_threshold"": 45}}",电力,86.82,86.82
2026-07-03,605268,王力安防,9.44,3.4,160460.0,fit,suf,"{""suf"": {""timeframe"": ""w"", ""rsi_length"": 14, ""weekly_rsi_threshold"": 35, ""monthly_rsi_threshold"": 45}}",家居用品,54.45,53.74
2026-07-03,605507,国邦医药,15.76,7.21,278254.0,fit,suf,"{""suf"": {""timeframe"": ""w"", ""rsi_length"": 14, ""weekly_rsi_threshold"": 35, ""monthly_rsi_threshold"": 45}}",化学制药,150.04,150.04
