日期,代码,名称,现价,涨幅(%),成交量,换手(%),条件,参组,参数,行业,总市值(亿),流通市值(亿),FC1,FC2,FC3,FC4,FC5,FC6,FC7,FC8,FC9,FC10,FC11,FC12,FC13,FC14,FC15,FC16,FC17,FC18,FC19,FC20,FC21,FC22,FC23,FC24,FC25,FC26,FC27,FC28,FC29,FC30
2025-07-04,000504,*ST生物,9.67,6.5,411959.0,13.26,,utb,"{""utb"": {""key_value"": 3, ""atr_period"": 14, ""use_ha"": false}}",医疗服务,33.23,33.14,-6.0,-3.0,13.44,13.44,23.47,6.0,1.24,-1.14,0.1,8.79,1.86,-3.62,-2.28,-7.86,-6.83,-2.28,-1.03,0.21,5.79,-3.21,-3.31,-5.79,-6.31,-12.41,-4.86,-7.45,-8.58,-12.1,-8.48,-10.34
2025-07-04,000530,冰山冷热,6.97,19.39,5625734.0,93.76,,utb,"{""utb"": {""key_value"": 3, ""atr_period"": 14, ""use_ha"": false}}",通用设备,51.01,36.3,-6.14,-6.86,-4.56,-8.72,-6.71,-5.28,-4.42,-9.01,-8.29,-6.86,-9.58,-11.88,-12.31,-8.44,-12.02,-2.84,-3.99,1.47,0.03,-13.32,-11.74,8.5,17.54,10.94,2.47,5.06,6.06,2.33,6.63,-1.83
2025-07-04,000720,新能泰山,3.49,1.16,531098.0,4.23,,utb,"{""utb"": {""key_value"": 3, ""atr_period"": 14, ""use_ha"": false}}",电网设备,69.23,69.23,12.03,6.88,5.73,3.15,3.44,1.43,5.73,1.72,-1.43,0.57,-1.72,-5.16,-4.87,-4.3,-6.88,-0.29,-2.29,8.31,9.46,-3.72,0.29,-0.86,7.16,2.58,-4.01,-6.3,-4.58,4.3,8.6,4.58
2025-07-04,000823,超声电子,12.08,6.71,1780317.0,33.16,,utb,"{""utb"": {""key_value"": 3, ""atr_period"": 14, ""use_ha"": false}}",元件,70.94,70.93,2.07,2.4,1.08,5.05,7.45,12.58,14.57,19.7,10.35,13.91,17.14,13.0,14.9,13.49,-0.33,11.42,7.53,8.44,3.56,-3.48,1.82,19.12,15.4,7.86,13.49,12.25,18.13,18.79,23.68,18.13
2025-07-04,000825,太钢不锈,3.85,6.94,3325132.0,5.84,,utb,"{""utb"": {""key_value"": 3, ""atr_period"": 14, ""use_ha"": false}}",特钢Ⅱ,250.07,250.07,6.49,8.31,12.21,8.05,11.17,8.31,7.27,7.53,1.82,5.19,2.08,0.52,3.9,8.57,4.68,5.19,9.35,12.99,12.47,3.12,3.9,13.51,14.81,29.09,31.43,27.01,40.52,36.36,44.68,35.84
2025-07-04,000959,首钢股份,4.01,18.64,3966788.0,6.1,,utb,"{""utb"": {""key_value"": 3, ""atr_period"": 14, ""use_ha"": false}}",普钢,362.16,347.99,-0.25,1.0,7.73,2.99,6.23,2.99,3.99,3.74,1.0,12.22,14.21,0.25,6.23,9.48,2.0,2.49,4.74,12.47,13.47,5.49,3.49,12.47,6.98,14.21,22.94,22.19,22.19,29.68,41.15,41.15
2025-07-04,001227,兰州银行,2.56,2.76,4391971.0,10.43,,utb,"{""utb"": {""key_value"": 3, ""atr_period"": 14, ""use_ha"": false}}",银行Ⅱ,129.29,95.74,3.45,0.77,-1.19,-3.53,-3.14,-3.92,-1.97,-3.14,-5.48,-4.7,-5.48,-7.05,-7.83,-6.65,-6.26,-4.7,-6.26,-5.48,-3.53,-7.05,-7.83,-7.44,-9.39,-9.0,-9.0,-9.39,-8.61,-9.78,-9.39,-9.0
2025-07-04,002048,宁波华翔,18.06,5.83,2093645.0,29.5,,utb,"{""utb"": {""key_value"": 3, ""atr_period"": 14, ""use_ha"": false}}",汽车零部件,205.49,179.22,-3.46,5.74,7.35,11.06,15.43,26.01,27.78,51.03,66.31,77.72,88.46,103.46,114.26,117.36,73.68,81.65,83.53,71.85,61.5,52.31,52.53,52.47,54.19,51.2,59.89,74.17,68.42,78.33,94.66,82.92
2025-07-04,002203,海亮股份,10.37,3.81,490263.0,2.54,,utb,"{""utb"": {""key_value"": 3, ""atr_period"": 14, ""use_ha"": false}}",工业金属,339.64,327.84,-0.29,2.49,2.58,13.77,17.21,27.63,19.41,15.01,12.05,21.8,19.02,23.14,24.28,28.78,16.44,15.68,10.97,5.57,11.55,11.74,20.13,14.06,15.5,13.57,20.81,22.06,35.46,46.26,45.97,40.86
2025-07-04,002342,巨力索具,6.79,11.49,8460189.0,88.62,,utb,"{""utb"": {""key_value"": 3, ""atr_period"": 14, ""use_ha"": false}}",通用设备,118.75,118.1,8.98,5.74,5.74,2.06,10.6,30.49,27.84,27.84,18.11,18.85,14.43,7.07,8.54,11.19,19.59,23.71,16.2,16.64,11.34,5.15,6.77,7.22,6.77,6.48,20.32,35.49,61.71,67.01,99.41,116.49
2025-07-04,002443,金洲管道,6.49,2.04,908512.0,17.49,,utb,"{""utb"": {""key_value"": 3, ""atr_period"": 14, ""use_ha"": false}}",特钢Ⅱ,44.97,44.88,2.62,1.23,5.39,5.39,3.7,9.4,9.55,10.32,10.63,9.71,10.17,10.48,18.95,26.81,21.11,34.05,26.35,27.89,23.42,15.41,24.19,24.96,21.88,28.66,30.51,25.73,24.04,33.74,43.76,33.9
2025-07-04,002486,嘉麟杰,2.61,0.77,904733.0,10.94,,utb,"{""utb"": {""key_value"": 3, ""atr_period"": 14, ""use_ha"": false}}",服装家纺,24.07,23.96,2.68,3.83,6.51,3.45,8.81,4.98,7.28,2.3,8.81,9.58,8.05,3.83,4.21,5.36,3.83,10.73,15.71,19.92,25.67,13.79,23.37,20.31,14.56,18.39,20.69,19.16,18.39,15.33,23.37,18.77
2025-07-04,002551,尚荣医疗,3.88,4.57,1613900.0,26.41,,utb,"{""utb"": {""key_value"": 3, ""atr_period"": 14, ""use_ha"": false}}",医疗器械,30.27,21.88,1.8,-2.06,-1.54,0.52,19.59,25.52,19.33,10.31,7.48,9.03,6.19,1.04,1.29,2.07,1.55,4.9,2.32,2.84,7.22,-4.38,1.04,1.04,-6.96,-3.35,-4.64,-5.92,-1.28,-2.32,0.78,-2.32
2025-07-04,002623,亚玛顿,20.77,34.87,594048.0,29.91,,utb,"{""utb"": {""key_value"": 3, ""atr_period"": 14, ""use_ha"": false}}",光伏设备,44.49,44.4,28.74,10.59,6.55,4.72,3.51,3.27,9.97,1.2,11.07,8.67,-2.7,-5.3,-3.9,-3.95,-5.58,-3.8,-4.67,-2.7,-0.39,-11.46,-9.05,-11.51,-12.9,-13.34,-10.21,-12.86,-11.22,-10.45,-0.29,17.86
2025-07-04,002866,传艺科技,19.9,9.04,1790782.0,98.79,,utb,"{""utb"": {""key_value"": 3, ""atr_period"": 14, ""use_ha"": false}}",消费电子,61.87,38.74,-4.87,-7.84,-8.39,-10.3,-8.19,-6.08,-4.72,-8.89,-6.38,0.95,-3.22,-7.29,-3.92,-7.74,-15.03,-10.9,-6.38,-5.43,-1.16,-1.91,3.62,-1.01,-10.95,-13.62,-9.75,-9.5,-7.79,-5.13,-1.46,-4.77
2025-07-04,002913,奥士康,34.79,19.92,367156.0,13.84,,utb,"{""utb"": {""key_value"": 3, ""atr_period"": 14, ""use_ha"": false}}",元件,147.29,140.01,-1.84,1.35,-0.17,13.42,6.12,13.88,10.03,17.82,9.83,22.74,22.82,16.93,16.36,23.23,6.55,13.62,11.15,7.76,3.39,-5.86,-2.01,12.36,23.31,19.92,22.22,22.85,21.53,19.72,25.27,13.6
2025-07-04,002916,深南电路,115.9,7.36,737207.0,11.09,,utb,"{""utb"": {""key_value"": 3, ""atr_period"": 14, ""use_ha"": false}}",元件,1588.34,1550.2,1.37,13.55,13.87,16.9,15.19,25.72,29.35,70.84,57.25,68.57,68.74,78.21,86.92,87.05,69.41,83.85,85.06,92.2,72.84,62.3,68.72,63.89,65.9,83.56,90.15,100.42,100.39,100.74,113.52,101.55
2025-07-04,002926,华西证券,9.2,2.42,2804429.0,10.68,,utb,"{""utb"": {""key_value"": 3, ""atr_period"": 14, ""use_ha"": false}}",证券Ⅱ,217.35,217.35,1.83,5.16,10.42,8.89,7.16,13.98,17.12,17.12,7.7,8.46,6.62,2.94,11.16,11.06,5.43,6.94,9.22,6.4,6.83,4.34,4.67,3.91,2.07,2.61,2.83,0.87,1.74,-0.76,0.87,0.22
2025-07-04,002936,郑州银行,2.11,1.91,9005044.0,13.44,,utb,"{""utb"": {""key_value"": 3, ""atr_period"": 14, ""use_ha"": false}}",银行Ⅱ,170.93,132.15,5.17,2.33,1.86,-1.93,-0.51,-2.41,-0.51,-1.46,-3.83,-2.88,-3.35,-5.25,-6.2,-4.3,-4.3,-3.35,-4.78,-4.3,-1.93,-5.25,-5.25,-5.25,-8.09,-7.14,-7.62,-8.57,-8.09,-9.51,-9.51,-9.51
2025-07-04,002938,鹏鼎控股,36.89,14.57,2552655.0,11.07,,utb,"{""utb"": {""key_value"": 3, ""atr_period"": 14, ""use_ha"": false}}",元件,1163.2,1158.85,2.47,28.65,21.36,39.6,35.84,41.31,40.69,62.1,39.74,51.12,56.36,51.53,51.99,46.79,26.73,43.24,42.45,36.08,20.85,14.69,22.34,31.91,34.94,31.8,38.36,37.11,44.81,50.31,58.01,54.7
2025-07-04,300055,万邦达,5.96,4.74,1210984.0,19.14,,utb,"{""utb"": {""key_value"": 3, ""atr_period"": 14, ""use_ha"": false}}",炼化及贸易,94.05,71.13,2.52,5.7,6.38,4.36,7.55,7.38,10.4,2.01,-1.01,-0.84,-2.35,-4.36,-3.19,8.89,16.44,20.47,21.98,43.46,40.94,34.9,39.6,34.4,30.37,25.84,30.03,36.74,35.23,32.55,38.93,30.7
2025-07-04,300394,天孚通信,75.37,0.65,1856849.0,23.93,,utb,"{""utb"": {""key_value"": 3, ""atr_period"": 14, ""use_ha"": false}}",通信设备,2469.07,2464.11,11.85,20.4,14.04,42.74,33.1,42.72,62.61,162.68,147.16,145.63,149.41,130.66,122.64,109.9,94.49,136.17,109.65,132.19,106.28,96.8,109.63,163.7,185.47,183.97,183.02,169.38,164.03,162.7,150.98,229.61
2025-07-04,300572,安车检测,21.37,2.79,338530.0,18.44,,utb,"{""utb"": {""key_value"": 3, ""atr_period"": 14, ""use_ha"": false}}",专业服务,62.77,50.32,4.16,11.7,8.0,21.71,26.2,20.26,30.98,20.17,13.71,14.55,34.3,34.3,37.34,42.72,35.14,42.49,66.73,41.23,41.55,26.16,33.36,31.91,40.24,32.99,34.11,33.04,44.83,41.27,34.21,27.42
2025-07-04,300609,汇纳科技,34.45,4.27,338154.0,28.2,,utb,"{""utb"": {""key_value"": 3, ""atr_period"": 14, ""use_ha"": false}}",IT服务Ⅱ,40.71,40.64,2.76,8.27,9.32,22.06,34.66,53.27,53.85,53.7,35.41,34.69,25.25,12.8,15.21,10.28,4.7,15.82,18.37,18.26,16.31,17.5,29.2,17.01,10.33,8.88,9.99,11.96,27.78,24.76,23.6,13.58
2025-07-04,300970,华绿生物,14.74,5.44,222213.0,23.96,,utb,"{""utb"": {""key_value"": 3, ""atr_period"": 14, ""use_ha"": false}}",种植业,29.12,22.59,0.88,1.49,4.82,2.85,6.11,3.12,6.11,-4.48,-2.58,-1.7,-3.73,-3.66,2.1,1.36,1.7,13.5,14.04,19.06,23.07,13.5,19.4,17.37,10.45,18.52,30.6,39.15,43.35,50.95,51.7,58.28
2025-07-04,301259,艾布鲁,49.38,2.45,152469.0,15.42,,utb,"{""utb"": {""key_value"": 3, ""atr_period"": 14, ""use_ha"": false}}",环境治理,51.2,32.45,-3.14,-6.84,-11.6,-15.67,-14.6,-0.36,4.54,-5.04,-8.77,-10.73,-15.67,-18.79,-20.92,-23.27,-26.89,-26.81,-27.93,-32.08,-31.41,-34.99,-23.94,-29.28,-32.6,-33.33,-32.93,-33.07,-28.49,-29.93,-29.32,-33.48
2025-07-04,301330,熵基科技,27.73,7.81,629555.0,68.66,,utb,"{""utb"": {""key_value"": 3, ""atr_period"": 14, ""use_ha"": false}}",计算机设备,79.71,65.82,-0.79,0.69,-1.08,4.54,5.95,7.86,10.6,26.76,19.55,21.57,26.33,16.8,18.28,13.78,7.68,14.86,13.74,9.02,6.38,0.65,5.52,5.12,4.18,2.42,5.59,19.18,49.84,52.9,50.38,37.5
2025-07-04,301389,隆扬电子,31.78,29.81,993978.0,121.1,,utb,"{""utb"": {""key_value"": 3, ""atr_period"": 14, ""use_ha"": false}}",消费电子,150.0,44.75,4.48,3.76,2.73,35.03,58.62,65.6,65.44,139.04,108.02,112.37,133.9,91.89,89.32,77.73,62.63,91.58,80.56,79.9,71.65,52.49,66.81,63.34,61.71,58.4,77.5,71.75,68.1,66.4,60.48,56.67
2025-07-04,301658,首航新能,29.68,1.78,488814.0,126.22,,utb,"{""utb"": {""key_value"": 3, ""atr_period"": 14, ""use_ha"": false}}",光伏设备,213.65,21.36,26.31,15.87,12.47,10.95,16.58,19.41,17.96,14.22,32.01,20.62,21.19,13.04,18.56,13.88,3.71,7.04,7.35,12.4,17.08,-4.41,-1.11,-2.19,3.54,-1.08,0.24,-3.77,0.71,3.47,11.89,1.15
2025-07-04,600231,凌钢股份,2.06,18.39,2377650.0,8.43,,utb,"{""utb"": {""key_value"": 3, ""atr_period"": 14, ""use_ha"": false}}",普钢,57.85,57.12,-2.43,-3.4,2.43,-0.97,1.46,2.43,1.94,0.49,-2.91,1.94,2.91,-2.43,-0.97,6.31,17.48,12.14,14.08,13.59,23.79,11.65,10.19,5.83,-0.49,3.4,3.4,3.88,4.37,1.46,13.11,17.48
2025-07-04,600416,湘电股份,13.32,9.0,5144403.0,38.81,,utb,"{""utb"": {""key_value"": 3, ""atr_period"": 14, ""use_ha"": false}}",电机Ⅱ,189.05,189.05,-0.68,-0.23,5.63,4.95,10.51,13.06,25.68,29.05,10.89,18.24,12.76,25.45,21.92,19.37,6.61,9.46,14.34,14.19,7.28,2.7,1.2,0.53,8.03,2.4,6.83,18.47,27.1,18.17,21.4,7.36
2025-07-04,600531,豫光金铅,7.68,0.77,1902360.0,17.45,,utb,"{""utb"": {""key_value"": 3, ""atr_period"": 14, ""use_ha"": false}}",工业金属,158.53,158.53,4.5,5.02,9.45,10.75,12.31,12.57,12.31,17.26,30.14,50.05,39.77,51.48,68.79,72.43,84.54,66.45,59.16,53.3,59.55,35.86,43.93,50.83,42.11,42.5,53.56,52.91,66.19,81.93,120.46,190.34
2025-07-04,600673,东阳光,12.87,10.66,2396330.0,7.98,,utb,"{""utb"": {""key_value"": 3, ""atr_period"": 14, ""use_ha"": false}}",综合Ⅱ,920.32,917.88,4.27,11.58,5.83,11.89,23.15,32.32,47.47,74.59,94.25,83.99,91.69,79.56,80.89,72.88,58.04,63.95,67.06,64.41,62.16,53.3,64.57,59.98,79.1,66.82,73.58,74.28,129.37,126.5,122.92,111.66
2025-07-04,600802,福建水泥,5.0,7.76,1682464.0,36.72,,utb,"{""utb"": {""key_value"": 3, ""atr_period"": 14, ""use_ha"": false}}",水泥,27.72,27.72,4.8,1.6,6.8,5.6,9.2,9.4,11.2,7.6,6.4,10.0,5.2,13.0,18.6,16.6,13.0,17.2,46.0,44.6,64.0,28.8,49.8,69.2,49.2,37.2,40.6,31.2,30.4,24.8,32.2,26.0
2025-07-04,600879,航天电子,10.03,2.66,4338393.0,13.15,,utb,"{""utb"": {""key_value"": 3, ""atr_period"": 14, ""use_ha"": false}}",航天装备Ⅱ,700.11,700.11,0.4,1.4,-0.6,-2.19,12.86,9.57,12.46,20.14,2.89,3.49,4.09,12.16,16.35,14.96,10.27,14.76,9.47,9.27,8.67,3.79,9.37,26.52,43.37,80.16,94.12,112.56,186.04,155.83,213.66,156.73
2025-07-04,601138,工业富联,23.23,11.52,8700442.0,4.38,,utb,"{""utb"": {""key_value"": 3, ""atr_period"": 14, ""use_ha"": false}}",消费电子,9835.76,9835.76,9.2,13.86,20.37,41.31,56.69,92.1,96.26,130.51,139.08,165.07,183.06,177.79,182.67,184.39,156.98,187.98,208.32,211.32,175.22,159.81,160.02,161.73,164.43,149.66,173.38,165.71,163.27,171.26,158.81,148.44
2025-07-04,601519,大智慧,11.1,7.77,6530765.0,32.83,,utb,"{""utb"": {""key_value"": 3, ""atr_period"": 14, ""use_ha"": false}}",软件开发,211.45,211.45,42.52,17.57,24.41,18.02,19.73,40.99,52.97,51.89,34.68,45.41,36.4,41.71,45.77,43.33,24.23,29.19,30.81,24.95,14.41,12.25,15.14,20.81,17.93,16.85,18.83,15.95,27.66,25.95,22.7,14.32
2025-07-04,601686,友发集团,5.64,2.97,414215.0,2.88,,utb,"{""utb"": {""key_value"": 3, ""atr_period"": 14, ""use_ha"": false}}",普钢,85.62,85.62,1.86,1.53,5.76,5.76,4.41,4.75,3.22,0.51,-0.85,0.0,-1.53,6.61,6.78,9.49,4.75,17.46,11.36,11.86,13.56,4.58,7.97,9.83,11.36,9.15,8.14,6.44,7.97,9.66,13.64,12.4
2025-07-04,603127,昭衍新药,22.34,16.95,1943909.0,30.83,,utb,"{""utb"": {""key_value"": 3, ""atr_period"": 14, ""use_ha"": false}}",医疗服务,226.6,190.62,16.37,19.05,33.72,44.28,35.06,47.54,39.66,40.51,52.24,69.47,71.8,65.31,58.01,50.85,45.48,45.25,65.57,45.43,48.16,22.65,25.02,24.62,53.76,58.55,65.35,56.71,88.49,88.13,83.84,70.14
2025-07-04,603212,赛伍技术,12.9,13.66,3693953.0,84.44,,utb,"{""utb"": {""key_value"": 3, ""atr_period"": 14, ""use_ha"": false}}",光伏设备,61.03,61.03,-5.58,-9.69,-10.16,-11.78,-12.25,-8.76,-7.75,-11.78,2.87,-4.96,-10.62,-11.16,-10.31,-11.4,-14.81,-12.56,-9.53,-6.74,-4.34,-6.98,1.94,0.47,-2.71,13.72,18.76,10.78,13.18,18.06,25.89,25.43
2025-07-04,603275,众辰科技,47.8,6.2,207598.0,49.5,,utb,"{""utb"": {""key_value"": 3, ""atr_period"": 14, ""use_ha"": false}}",自动化设备,64.85,18.11,-3.41,17.28,18.89,13.07,14.53,14.49,13.55,4.16,7.67,11.73,15.43,19.07,12.82,8.03,-6.45,-0.99,1.92,-3.23,-4.48,-14.23,-13.16,-13.1,-13.52,-13.81,-11.93,-4.65,0.58,2.8,4.24,1.88
2025-07-04,603380,易德龙,26.71,3.09,153840.0,9.59,,utb,"{""utb"": {""key_value"": 3, ""atr_period"": 14, ""use_ha"": false}}",消费电子,53.81,53.81,-1.35,7.97,5.65,9.7,31.04,50.13,49.49,62.64,66.6,80.68,85.25,89.67,79.15,70.42,52.68,59.12,52.6,47.85,38.9,31.19,34.41,34.59,34.48,33.17,47.55,42.27,47.88,48.37,58.14,46.99
2025-07-04,603776,永安行,22.53,14.95,728090.0,30.2,,utb,"{""utb"": {""key_value"": 3, ""atr_period"": 14, ""use_ha"": false}}",摩托车及其他,50.23,50.23,-6.35,-7.9,-2.44,-7.41,0.84,4.22,-1.02,-10.74,-7.94,-5.95,-3.86,-6.57,-5.77,-8.83,-14.69,-13.58,-11.01,-11.23,-13.4,-17.49,-13.8,-13.67,-19.49,-18.86,-19.97,-20.64,-14.91,-16.87,-13.94,-16.91
2025-07-04,603929,亚翔集成,33.57,3.89,185467.0,8.69,,utb,"{""utb"": {""key_value"": 3, ""atr_period"": 14, ""use_ha"": false}}",专业工程,394.95,394.95,2.09,12.0,4.21,6.07,8.11,5.2,1.95,24.3,18.4,23.95,19.21,33.39,24.93,27.19,13.4,18.97,26.48,50.72,61.72,56.38,81.58,112.21,165.67,166.63,199.66,184.47,273.83,386.91,320.18,371.51
2025-07-04,605006,山东玻纤,7.92,18.21,3005118.0,50.08,,utb,"{""utb"": {""key_value"": 3, ""atr_period"": 14, ""use_ha"": false}}",玻璃玻纤,52.5,52.5,8.59,-0.63,-3.91,-6.94,-6.57,8.08,7.07,6.19,-1.77,6.19,3.91,-1.01,-2.15,-1.01,-6.44,-2.65,-0.51,-3.54,-0.88,-10.1,-6.94,-7.2,-9.97,-10.48,-6.19,-7.83,-8.08,-6.82,0.13,-0.13
2025-07-04,605500,森林包装,9.06,22.76,206292.0,4.98,,utb,"{""utb"": {""key_value"": 3, ""atr_period"": 14, ""use_ha"": false}}",造纸,38.33,38.33,32.45,49.23,11.92,8.5,8.94,9.93,12.69,8.5,7.06,11.37,4.75,0.99,0.77,1.55,0.22,2.32,1.1,2.32,3.75,-3.86,-0.88,-2.1,-5.19,-2.21,3.31,-1.21,-1.1,-1.55,0.77,-1.1
2025-07-04,605567,春雪食品,10.35,3.29,272244.0,13.61,,utb,"{""utb"": {""key_value"": 3, ""atr_period"": 14, ""use_ha"": false}}",食品加工,21.78,21.78,1.35,1.84,2.22,2.9,9.37,3.77,5.89,-0.87,-0.48,0.68,-3.57,-3.19,-2.71,-2.42,-3.57,0.97,5.51,8.41,13.72,5.99,11.59,9.66,2.03,9.57,6.18,6.28,6.86,7.44,14.2,13.53
