日期,信号,代码,现价,涨幅,止损,策略,参组,参数,名称,周期,释放类型,支撑压力价格,支撑压力趋势,支撑压力涨幅,区间K线数量,区间K线振幅
2026-05-29 00:00:00,Short,00086,4.07,-2.40%,4.24,utb,参数一,"{""utb"": {""key_value"": 2, ""atr_period"": 14, ""use_ha"": false}, ""r&s"": {""srb_left"": 10, ""srb_right"": 10}, ""atr"": {""atr_length"": 14, ""atr_mult"": 1.0}}",SUN HUNG KAI CO,1D,,,,,,
2026-05-29 00:00:00,Short,00136,1.36,-4.23%,1.5,utb,参数一,"{""utb"": {""key_value"": 2, ""atr_period"": 14, ""use_ha"": false}, ""r&s"": {""srb_left"": 10, ""srb_right"": 10}, ""atr"": {""atr_length"": 14, ""atr_mult"": 1.0}}",CHINA RUYI,1D,,,,,,
2026-05-29 00:00:00,Long,00173,2.3,5.50%,2.08,utb,参数一,"{""utb"": {""key_value"": 2, ""atr_period"": 14, ""use_ha"": false}, ""r&s"": {""srb_left"": 10, ""srb_right"": 10}, ""atr"": {""atr_length"": 14, ""atr_mult"": 1.0}}",K. WAH INT'L,1D,,,,,,
2026-05-29 00:00:00,Short,00187,3.45,-5.48%,3.91,sqz,参数二,"{""sqz"": {""bb_length"": 20, ""bb_mult"": 1.8, ""kc_length"": 20, ""kc_mult"": 1.5, ""min_sqz_bars"": 4}, ""r&s"": {""srb_left"": 15, ""srb_right"": 15}, ""atr"": {""atr_length"": 14, ""atr_mult"": 1.0}}",JINGCHENG MAC,1D,支撑释放,4.55-4.5-4.01-3.95-3.94,低-低-低-低,1.10%-10.89%-1.50%-0.25%,76.0,90.36
2026-05-29 00:00:00,Short,00341,3.86,0.00%,4.02,sqz,参数二,"{""sqz"": {""bb_length"": 20, ""bb_mult"": 1.8, ""kc_length"": 20, ""kc_mult"": 1.5, ""min_sqz_bars"": 4}, ""r&s"": {""srb_left"": 15, ""srb_right"": 15}, ""atr"": {""atr_length"": 14, ""atr_mult"": 1.0}}",CAFE DE CORAL H,1D,支撑释放,6.43-6.72-6.26-4.53-3.91,高-低-低-低,4.42%-6.85%-27.59%-13.69%,27.0,5.37
2026-05-29 00:00:00,Short,00371,2.72,-1.09%,2.86,utb,参数二,"{""utb"": {""key_value"": 3, ""atr_period"": 14, ""use_ha"": false}, ""r&s"": {""srb_left"": 15, ""srb_right"": 15}, ""atr"": {""atr_length"": 14, ""atr_mult"": 1.0}}",BJ ENT WATER,1D,,,,,,
2026-05-29 00:00:00,Short,00398,3.24,-0.31%,3.28,sqz,参数一,"{""sqz"": {""bb_length"": 15, ""bb_mult"": 1.5, ""kc_length"": 15, ""kc_mult"": 1.2, ""min_sqz_bars"": 4}, ""r&s"": {""srb_left"": 10, ""srb_right"": 10}, ""atr"": {""atr_length"": 14, ""atr_mult"": 1.0}}",ORIENTAL WATCH,1D,支撑释放,3.02-3.31-3.36-3.25-3.26,高-高-低-高,9.61%-1.48%-3.27%-0.31%,17.0,1.53
2026-05-29 00:00:00,Short,00550,1.19,-7.75%,1.51,utb,参数二,"{""utb"": {""key_value"": 3, ""atr_period"": 14, ""use_ha"": false}, ""r&s"": {""srb_left"": 15, ""srb_right"": 15}, ""atr"": {""atr_length"": 14, ""atr_mult"": 1.0}}",ALLEGRO CULTURE,1D,,,,,,
2026-05-29 00:00:00,Short,00565,2.85,-11.76%,3.54,utb,参数一,"{""utb"": {""key_value"": 2, ""atr_period"": 14, ""use_ha"": false}, ""r&s"": {""srb_left"": 10, ""srb_right"": 10}, ""atr"": {""atr_length"": 14, ""atr_mult"": 1.0}}",ART GROUP HOLD,1D,,,,,,
2026-05-29 00:00:00,Short,00656,3.89,0.00%,4.09,sqz,参数一,"{""sqz"": {""bb_length"": 15, ""bb_mult"": 1.5, ""kc_length"": 15, ""kc_mult"": 1.2, ""min_sqz_bars"": 4}, ""r&s"": {""srb_left"": 10, ""srb_right"": 10}, ""atr"": {""atr_length"": 14, ""atr_mult"": 1.0}}",FOSUN INTL,1D,支撑释放,5.31-4.7-3.42-3.97,低-低-高,11.49%-27.23%-16.08%,22.0,8.06
2026-05-29 00:00:00,Short,00679,12.01,-9.22%,15.6,utb,参数一,"{""utb"": {""key_value"": 2, ""atr_period"": 14, ""use_ha"": false}, ""r&s"": {""srb_left"": 10, ""srb_right"": 10}, ""atr"": {""atr_length"": 14, ""atr_mult"": 1.0}}",ASIA TELE-NET,1D,,,,,,
2026-05-29 00:00:00,Short,00695,7.23,-2.30%,7.94,utb,参数二,"{""utb"": {""key_value"": 3, ""atr_period"": 14, ""use_ha"": false}, ""r&s"": {""srb_left"": 15, ""srb_right"": 15}, ""atr"": {""atr_length"": 14, ""atr_mult"": 1.0}}",DONGWU CEMENT,1D,,,,,,
2026-05-29 00:00:00,Short,00710,4.57,-6.73%,5.19,utb,参数一,"{""utb"": {""key_value"": 2, ""atr_period"": 14, ""use_ha"": false}, ""r&s"": {""srb_left"": 10, ""srb_right"": 10}, ""atr"": {""atr_length"": 14, ""atr_mult"": 1.0}}",BOE VARITRONIX,1D,,,,,,
2026-05-29 00:00:00,Long,00800,20.66,3.40%,18.17,utb,参数一,"{""utb"": {""key_value"": 2, ""atr_period"": 14, ""use_ha"": false}, ""r&s"": {""srb_left"": 10, ""srb_right"": 10}, ""atr"": {""atr_length"": 14, ""atr_mult"": 1.0}}",WERIDE-W,1D,,,,,,
2026-05-29 00:00:00,Short,00826,3.42,-3.39%,3.76,utb,参数一,"{""utb"": {""key_value"": 2, ""atr_period"": 14, ""use_ha"": false}, ""r&s"": {""srb_left"": 10, ""srb_right"": 10}, ""atr"": {""atr_length"": 14, ""atr_mult"": 1.0}}",TIANGONG INT'L,1D,,,,,,
2026-05-29 00:00:00,Long,00836,21.26,4.63%,19.55,utb,参数一,"{""utb"": {""key_value"": 2, ""atr_period"": 14, ""use_ha"": false}, ""r&s"": {""srb_left"": 10, ""srb_right"": 10}, ""atr"": {""atr_length"": 14, ""atr_mult"": 1.0}}",CHINA RES POWER,1D,,,,,,
2026-05-29 00:00:00,Long,00854,6.2,9.15%,5.21,utb,参数一,"{""utb"": {""key_value"": 2, ""atr_period"": 14, ""use_ha"": false}, ""r&s"": {""srb_left"": 10, ""srb_right"": 10}, ""atr"": {""atr_length"": 14, ""atr_mult"": 1.0}}",WILLAS-ARRAY,1D,,,,,,
2026-05-29 00:00:00,Short,00868,9.9,-0.80%,10.53,utb,参数二,"{""utb"": {""key_value"": 3, ""atr_period"": 14, ""use_ha"": false}, ""r&s"": {""srb_left"": 15, ""srb_right"": 15}, ""atr"": {""atr_length"": 14, ""atr_mult"": 1.0}}",XINYI GLASS,1D,,,,,,
2026-05-29 00:00:00,Long,00880,1.91,5.52%,1.75,utb,参数一,"{""utb"": {""key_value"": 2, ""atr_period"": 14, ""use_ha"": false}, ""r&s"": {""srb_left"": 10, ""srb_right"": 10}, ""atr"": {""atr_length"": 14, ""atr_mult"": 1.0}}",SJM HOLDINGS,1D,,,,,,
2026-05-29 00:00:00,Long,00902,7.27,6.91%,6.47,utb,参数一,"{""utb"": {""key_value"": 2, ""atr_period"": 14, ""use_ha"": false}, ""r&s"": {""srb_left"": 10, ""srb_right"": 10}, ""atr"": {""atr_length"": 14, ""atr_mult"": 1.0}}",HUANENG POWER,1D,,,,,,
2026-05-29 00:00:00,Long,01071,4.52,4.23%,4.16,utb,参数一,"{""utb"": {""key_value"": 2, ""atr_period"": 14, ""use_ha"": false}, ""r&s"": {""srb_left"": 10, ""srb_right"": 10}, ""atr"": {""atr_length"": 14, ""atr_mult"": 1.0}}",HUADIAN POWER,1D,,,,,,
2026-05-29 00:00:00,Short,01072,32.12,-6.08%,36.78,sqz,参数二,"{""sqz"": {""bb_length"": 20, ""bb_mult"": 1.8, ""kc_length"": 20, ""kc_mult"": 1.5, ""min_sqz_bars"": 4}, ""r&s"": {""srb_left"": 15, ""srb_right"": 15}, ""atr"": {""atr_length"": 14, ""atr_mult"": 1.0}}",DONGFANG ELEC,1D,支撑释放,nan-8.64-11.19-15.66-33.76,低-高-高-高,nan%-29.60%-39.92%-115.58%,38.0,32.88
2026-05-29 00:00:00,Short,01104,1.67,-23.39%,2.06,sqz,参数一,"{""sqz"": {""bb_length"": 15, ""bb_mult"": 1.5, ""kc_length"": 15, ""kc_mult"": 1.2, ""min_sqz_bars"": 4}, ""r&s"": {""srb_left"": 10, ""srb_right"": 10}, ""atr"": {""atr_length"": 14, ""atr_mult"": 1.0}}",APAC RESOURCES,1D,支撑释放,1.4-1.51-1.5-2.47-2.09,高-低-高-低,8.00%-0.62%-64.30%-15.38%,44.0,31.1
2026-05-29 00:00:00,Short,01104,1.67,-23.39%,2.06,sqz,参数二,"{""sqz"": {""bb_length"": 20, ""bb_mult"": 1.8, ""kc_length"": 20, ""kc_mult"": 1.5, ""min_sqz_bars"": 4}, ""r&s"": {""srb_left"": 15, ""srb_right"": 15}, ""atr"": {""atr_length"": 14, ""atr_mult"": 1.0}}",APAC RESOURCES,1D,支撑释放,1.07-1.4-1.5-2.47-2.09,高-高-高-低,30.43%-7.33%-64.30%-15.38%,44.0,31.1
2026-05-29 00:00:00,Short,01133,19.61,-8.71%,22.86,sqz,参数一,"{""sqz"": {""bb_length"": 15, ""bb_mult"": 1.5, ""kc_length"": 15, ""kc_mult"": 1.2, ""min_sqz_bars"": 4}, ""r&s"": {""srb_left"": 10, ""srb_right"": 10}, ""atr"": {""atr_length"": 14, ""atr_mult"": 1.0}}",HARBIN ELECTRIC,1D,一直亮红,6.9-10.95-12.91-18.15-19.64,高-高-高-高,58.75%-17.92%-40.58%-8.22%,32.0,31.67
2026-05-29 00:00:00,Short,01133,19.61,-8.71%,22.86,utb,参数二,"{""utb"": {""key_value"": 3, ""atr_period"": 14, ""use_ha"": false}, ""r&s"": {""srb_left"": 15, ""srb_right"": 15}, ""atr"": {""atr_length"": 14, ""atr_mult"": 1.0}}",HARBIN ELECTRIC,1D,,,,,,
2026-05-29 00:00:00,Short,01133,19.61,-8.71%,22.86,sqz,参数二,"{""sqz"": {""bb_length"": 20, ""bb_mult"": 1.8, ""kc_length"": 20, ""kc_mult"": 1.5, ""min_sqz_bars"": 4}, ""r&s"": {""srb_left"": 15, ""srb_right"": 15}, ""atr"": {""atr_length"": 14, ""atr_mult"": 1.0}}",HARBIN ELECTRIC,1D,一直亮红,4.64-5.42-6.9-10.95-19.64,高-高-高-高,16.80%-27.36%-58.75%-79.39%,32.0,31.67
2026-05-29 00:00:00,Short,01138,15.99,-2.56%,17.66,sqz,参数二,"{""sqz"": {""bb_length"": 20, ""bb_mult"": 1.8, ""kc_length"": 20, ""kc_mult"": 1.5, ""min_sqz_bars"": 4}, ""r&s"": {""srb_left"": 15, ""srb_right"": 15}, ""atr"": {""atr_length"": 14, ""atr_mult"": 1.0}}",COSCO SHIP ENGY,1D,支撑释放,6.26-8.34-9.07-13.76-16.62,高-高-高-高,33.23%-8.75%-51.71%-20.78%,21.0,26.47
2026-05-29 00:00:00,Long,01228,2.03,21.56%,1.5,utb,参数一,"{""utb"": {""key_value"": 2, ""atr_period"": 14, ""use_ha"": false}, ""r&s"": {""srb_left"": 10, ""srb_right"": 10}, ""atr"": {""atr_length"": 14, ""atr_mult"": 1.0}}",CANBRIDGE-B,1D,,,,,,
2026-05-29 00:00:00,Long,01277,2.0,6.38%,1.75,utb,参数一,"{""utb"": {""key_value"": 2, ""atr_period"": 14, ""use_ha"": false}, ""r&s"": {""srb_left"": 10, ""srb_right"": 10}, ""atr"": {""atr_length"": 14, ""atr_mult"": 1.0}}",KINETIC DEV,1D,,,,,,
2026-05-29 00:00:00,Short,01304,140.1,-11.66%,172.27,utb,参数一,"{""utb"": {""key_value"": 2, ""atr_period"": 14, ""use_ha"": false}, ""r&s"": {""srb_left"": 10, ""srb_right"": 10}, ""atr"": {""atr_length"": 14, ""atr_mult"": 1.0}}",FORTIOR,1D,,,,,,
2026-05-29 00:00:00,Short,01304,140.1,-11.66%,172.27,utb,参数二,"{""utb"": {""key_value"": 3, ""atr_period"": 14, ""use_ha"": false}, ""r&s"": {""srb_left"": 15, ""srb_right"": 15}, ""atr"": {""atr_length"": 14, ""atr_mult"": 1.0}}",FORTIOR,1D,,,,,,
2026-05-29 00:00:00,Short,01330,5.87,-1.84%,6.4,utb,参数二,"{""utb"": {""key_value"": 3, ""atr_period"": 14, ""use_ha"": false}, ""r&s"": {""srb_left"": 15, ""srb_right"": 15}, ""atr"": {""atr_length"": 14, ""atr_mult"": 1.0}}",DYNAGREEN ENV,1D,,,,,,
2026-05-29 00:00:00,Short,01334,2.16,-12.20%,2.74,utb,参数一,"{""utb"": {""key_value"": 2, ""atr_period"": 14, ""use_ha"": false}, ""r&s"": {""srb_left"": 10, ""srb_right"": 10}, ""atr"": {""atr_length"": 14, ""atr_mult"": 1.0}}",RUICHANG INTL,1D,,,,,,
2026-05-29 00:00:00,Short,01385,31.54,-11.15%,38.61,sqz,参数二,"{""sqz"": {""bb_length"": 20, ""bb_mult"": 1.8, ""kc_length"": 20, ""kc_mult"": 1.5, ""min_sqz_bars"": 4}, ""r&s"": {""srb_left"": 15, ""srb_right"": 15}, ""atr"": {""atr_length"": 14, ""atr_mult"": 1.0}}",SHANGHAI FUDAN,1D,一直亮红,25.65-28.72-38.74-36.2-34.62,高-高-低-低,11.97%-34.89%-6.56%-4.36%,36.0,33.39
2026-05-29 00:00:00,Short,01440,13.84,-12.02%,17.49,utb,参数一,"{""utb"": {""key_value"": 2, ""atr_period"": 14, ""use_ha"": false}, ""r&s"": {""srb_left"": 10, ""srb_right"": 10}, ""atr"": {""atr_length"": 14, ""atr_mult"": 1.0}}",STAR SHINE HLDG,1D,,,,,,
2026-05-29 00:00:00,Short,01440,13.84,-12.02%,17.49,utb,参数二,"{""utb"": {""key_value"": 3, ""atr_period"": 14, ""use_ha"": false}, ""r&s"": {""srb_left"": 15, ""srb_right"": 15}, ""atr"": {""atr_length"": 14, ""atr_mult"": 1.0}}",STAR SHINE HLDG,1D,,,,,,
2026-05-29 00:00:00,Short,01473,1.22,-28.24%,1.82,utb,参数一,"{""utb"": {""key_value"": 2, ""atr_period"": 14, ""use_ha"": false}, ""r&s"": {""srb_left"": 10, ""srb_right"": 10}, ""atr"": {""atr_length"": 14, ""atr_mult"": 1.0}}",PANGAEA CONNECT,1D,,,,,,
2026-05-29 00:00:00,Short,01473,1.22,-28.24%,1.82,utb,参数二,"{""utb"": {""key_value"": 3, ""atr_period"": 14, ""use_ha"": false}, ""r&s"": {""srb_left"": 15, ""srb_right"": 15}, ""atr"": {""atr_length"": 14, ""atr_mult"": 1.0}}",PANGAEA CONNECT,1D,,,,,,
2026-05-29 00:00:00,Short,01475,7.04,-0.42%,7.29,sqz,参数一,"{""sqz"": {""bb_length"": 15, ""bb_mult"": 1.5, ""kc_length"": 15, ""kc_mult"": 1.2, ""min_sqz_bars"": 4}, ""r&s"": {""srb_left"": 10, ""srb_right"": 10}, ""atr"": {""atr_length"": 14, ""atr_mult"": 1.0}}",NISSIN FOODS,1D,支撑释放,6.57-5.81-6.08-7.13-7.06,低-高-高-低,11.57%-4.65%-17.27%-0.98%,23.0,5.52
2026-05-29 00:00:00,Long,01478,9.54,3.02%,8.82,sqz,参数一,"{""sqz"": {""bb_length"": 15, ""bb_mult"": 1.5, ""kc_length"": 15, ""kc_mult"": 1.2, ""min_sqz_bars"": 4}, ""r&s"": {""srb_left"": 10, ""srb_right"": 10}, ""atr"": {""atr_length"": 14, ""atr_mult"": 1.0}}",Q TECH,1D,压力释放,7.34-16.34-16.84-10.35-9.33,高-高-低-低,122.73%-3.03%-38.53%-9.86%,48.0,27.81
2026-05-29 00:00:00,Short,01483,1.22,-5.43%,1.34,utb,参数一,"{""utb"": {""key_value"": 2, ""atr_period"": 14, ""use_ha"": false}, ""r&s"": {""srb_left"": 10, ""srb_right"": 10}, ""atr"": {""atr_length"": 14, ""atr_mult"": 1.0}}",NET-A-GO TECH,1D,,,,,,
2026-05-29 00:00:00,Short,01548,13.68,-2.01%,15.29,utb,参数一,"{""utb"": {""key_value"": 2, ""atr_period"": 14, ""use_ha"": false}, ""r&s"": {""srb_left"": 10, ""srb_right"": 10}, ""atr"": {""atr_length"": 14, ""atr_mult"": 1.0}}",GENSCRIPT BIO,1D,,,,,,
2026-05-29 00:00:00,Short,01631,1.38,-3.50%,1.6,utb,参数一,"{""utb"": {""key_value"": 2, ""atr_period"": 14, ""use_ha"": false}, ""r&s"": {""srb_left"": 10, ""srb_right"": 10}, ""atr"": {""atr_length"": 14, ""atr_mult"": 1.0}}",REF HOLDINGS,1D,,,,,,
2026-05-29 00:00:00,Short,01651,54.6,-1.44%,59.5,utb,参数一,"{""utb"": {""key_value"": 2, ""atr_period"": 14, ""use_ha"": false}, ""r&s"": {""srb_left"": 10, ""srb_right"": 10}, ""atr"": {""atr_length"": 14, ""atr_mult"": 1.0}}",TSUGAMI CHINA,1D,,,,,,
2026-05-29 00:00:00,Long,01757,18.04,3.09%,16.45,utb,参数一,"{""utb"": {""key_value"": 2, ""atr_period"": 14, ""use_ha"": false}, ""r&s"": {""srb_left"": 10, ""srb_right"": 10}, ""atr"": {""atr_length"": 14, ""atr_mult"": 1.0}}",GLOBAL CHI BC,1D,,,,,,
2026-05-29 00:00:00,Short,01768,332.4,-3.99%,388.64,sqz,参数一,"{""sqz"": {""bb_length"": 15, ""bb_mult"": 1.5, ""kc_length"": 15, ""kc_mult"": 1.2, ""min_sqz_bars"": 4}, ""r&s"": {""srb_left"": 10, ""srb_right"": 10}, ""atr"": {""atr_length"": 14, ""atr_mult"": 1.0}}",BUSYMING,1D,一直亮红,nan-377.0-345.6,低-低,nan%-8.33%,37.0,34.72
2026-05-29 00:00:00,Short,01799,4.95,-2.56%,5.56,sqz,参数一,"{""sqz"": {""bb_length"": 15, ""bb_mult"": 1.5, ""kc_length"": 15, ""kc_mult"": 1.2, ""min_sqz_bars"": 4}, ""r&s"": {""srb_left"": 10, ""srb_right"": 10}, ""atr"": {""atr_length"": 14, ""atr_mult"": 1.0}}",XINTE ENERGY,1D,一直亮红,7.08-7.02-6.67-6.93-5.07,低-低-高-低,0.85%-4.99%-3.90%-26.84%,36.0,34.12
2026-05-29 00:00:00,Short,01799,4.95,-2.56%,5.56,sqz,参数二,"{""sqz"": {""bb_length"": 20, ""bb_mult"": 1.8, ""kc_length"": 20, ""kc_mult"": 1.5, ""min_sqz_bars"": 4}, ""r&s"": {""srb_left"": 15, ""srb_right"": 15}, ""atr"": {""atr_length"": 14, ""atr_mult"": 1.0}}",XINTE ENERGY,1D,一直亮红,3.85-6.44-7.36-6.67-5.07,高-高-低-低,67.27%-14.29%-9.38%-23.99%,36.0,34.12
2026-05-29 00:00:00,Long,01801,83.35,11.36%,74.86,utb,参数一,"{""utb"": {""key_value"": 2, ""atr_period"": 14, ""use_ha"": false}, ""r&s"": {""srb_left"": 10, ""srb_right"": 10}, ""atr"": {""atr_length"": 14, ""atr_mult"": 1.0}}",INNOVENT BIO,1D,,,,,,
2026-05-29 00:00:00,Long,01860,16.16,12.53%,13.51,utb,参数一,"{""utb"": {""key_value"": 2, ""atr_period"": 14, ""use_ha"": false}, ""r&s"": {""srb_left"": 10, ""srb_right"": 10}, ""atr"": {""atr_length"": 14, ""atr_mult"": 1.0}}",MOBVISTA,1D,,,,,,
2026-05-29 00:00:00,Long,01872,7.12,24.91%,4.91,utb,参数一,"{""utb"": {""key_value"": 2, ""atr_period"": 14, ""use_ha"": false}, ""r&s"": {""srb_left"": 10, ""srb_right"": 10}, ""atr"": {""atr_length"": 14, ""atr_mult"": 1.0}}",GUAN CHAO HLDGS,1D,,,,,,
2026-05-29 00:00:00,Long,01872,7.12,24.91%,4.91,utb,参数二,"{""utb"": {""key_value"": 3, ""atr_period"": 14, ""use_ha"": false}, ""r&s"": {""srb_left"": 15, ""srb_right"": 15}, ""atr"": {""atr_length"": 14, ""atr_mult"": 1.0}}",GUAN CHAO HLDGS,1D,,,,,,
2026-05-29 00:00:00,Short,01959,3.02,-8.48%,3.62,utb,参数一,"{""utb"": {""key_value"": 2, ""atr_period"": 14, ""use_ha"": false}, ""r&s"": {""srb_left"": 10, ""srb_right"": 10}, ""atr"": {""atr_length"": 14, ""atr_mult"": 1.0}}",ZHONG JU INVEST,1D,,,,,,
2026-05-29 00:00:00,Short,01972,22.24,-2.20%,23.86,sqz,参数一,"{""sqz"": {""bb_length"": 15, ""bb_mult"": 1.5, ""kc_length"": 15, ""kc_mult"": 1.2, ""min_sqz_bars"": 4}, ""r&s"": {""srb_left"": 10, ""srb_right"": 10}, ""atr"": {""atr_length"": 14, ""atr_mult"": 1.0}}",SWIREPROPERTIES,1D,一直亮红,17.14-19.0-20.1-20.0-22.28,高-高-低-高,10.86%-5.76%-0.48%-11.40%,44.0,16.7
2026-05-29 00:00:00,Short,01972,22.24,-2.20%,23.86,sqz,参数二,"{""sqz"": {""bb_length"": 20, ""bb_mult"": 1.8, ""kc_length"": 20, ""kc_mult"": 1.5, ""min_sqz_bars"": 4}, ""r&s"": {""srb_left"": 15, ""srb_right"": 15}, ""atr"": {""atr_length"": 14, ""atr_mult"": 1.0}}",SWIREPROPERTIES,1D,一直亮红,13.4-13.99-19.0-20.0-22.28,高-高-高-高,4.38%-35.87%-5.25%-11.40%,44.0,16.7
2026-05-29 00:00:00,Long,02018,45.5,3.74%,42.33,utb,参数一,"{""utb"": {""key_value"": 2, ""atr_period"": 14, ""use_ha"": false}, ""r&s"": {""srb_left"": 10, ""srb_right"": 10}, ""atr"": {""atr_length"": 14, ""atr_mult"": 1.0}}",AAC TECH,1D,,,,,,
2026-05-29 00:00:00,Long,02038,30.14,6.65%,26.98,sqz,参数二,"{""sqz"": {""bb_length"": 20, ""bb_mult"": 1.8, ""kc_length"": 20, ""kc_mult"": 1.5, ""min_sqz_bars"": 4}, ""r&s"": {""srb_left"": 15, ""srb_right"": 15}, ""atr"": {""atr_length"": 14, ""atr_mult"": 1.0}}",FIH,1D,一直释放,11.8-16.55-19.65-21.26-22.86,高-高-高-高,40.25%-18.73%-8.19%-7.53%,62.0,18.45
2026-05-29 00:00:00,Short,02050,31.42,-4.56%,35.29,utb,参数一,"{""utb"": {""key_value"": 2, ""atr_period"": 14, ""use_ha"": false}, ""r&s"": {""srb_left"": 10, ""srb_right"": 10}, ""atr"": {""atr_length"": 14, ""atr_mult"": 1.0}}",SANHUA,1D,,,,,,
2026-05-29 00:00:00,Long,02149,38.5,2.94%,33.92,utb,参数一,"{""utb"": {""key_value"": 2, ""atr_period"": 14, ""use_ha"": false}, ""r&s"": {""srb_left"": 10, ""srb_right"": 10}, ""atr"": {""atr_length"": 14, ""atr_mult"": 1.0}}",BATELAB,1D,,,,,,
2026-05-29 00:00:00,Short,02209,2.79,-0.71%,2.99,sqz,参数二,"{""sqz"": {""bb_length"": 20, ""bb_mult"": 1.8, ""kc_length"": 20, ""kc_mult"": 1.5, ""min_sqz_bars"": 4}, ""r&s"": {""srb_left"": 15, ""srb_right"": 15}, ""atr"": {""atr_length"": 14, ""atr_mult"": 1.0}}",YESASIA HLDGS,1D,支撑释放,2.5-4.42-3.16-2.83-2.9,高-低-低-高,77.07%-28.51%-10.44%-2.47%,21.0,11.38
2026-05-29 00:00:00,Short,02239,1.8,-17.81%,2.39,utb,参数一,"{""utb"": {""key_value"": 2, ""atr_period"": 14, ""use_ha"": false}, ""r&s"": {""srb_left"": 10, ""srb_right"": 10}, ""atr"": {""atr_length"": 14, ""atr_mult"": 1.0}}",SMIT,1D,,,,,,
2026-05-29 00:00:00,Short,02246,1.68,-4.00%,1.81,sqz,参数一,"{""sqz"": {""bb_length"": 15, ""bb_mult"": 1.5, ""kc_length"": 15, ""kc_mult"": 1.2, ""min_sqz_bars"": 4}, ""r&s"": {""srb_left"": 10, ""srb_right"": 10}, ""atr"": {""atr_length"": 14, ""atr_mult"": 1.0}}",GOGOX,1D,支撑释放,2.08-2.0-2.05-1.78,低-高-低,3.85%-2.50%-13.17%,20.0,17.98
2026-05-29 00:00:00,Short,02246,1.68,-4.00%,1.81,sqz,参数二,"{""sqz"": {""bb_length"": 20, ""bb_mult"": 1.8, ""kc_length"": 20, ""kc_mult"": 1.5, ""min_sqz_bars"": 4}, ""r&s"": {""srb_left"": 15, ""srb_right"": 15}, ""atr"": {""atr_length"": 14, ""atr_mult"": 1.0}}",GOGOX,1D,支撑释放,nan-3.05-3.64-2.0-1.78,低-高-低-低,nan%-19.34%-45.05%-11.00%,20.0,17.98
2026-05-29 00:00:00,Long,02271,2.7,25.58%,1.65,utb,参数一,"{""utb"": {""key_value"": 2, ""atr_period"": 14, ""use_ha"": false}, ""r&s"": {""srb_left"": 10, ""srb_right"": 10}, ""atr"": {""atr_length"": 14, ""atr_mult"": 1.0}}",ZHONGAN SERVICE,1D,,,,,,
2026-05-29 00:00:00,Long,02271,2.7,25.58%,1.65,utb,参数二,"{""utb"": {""key_value"": 3, ""atr_period"": 14, ""use_ha"": false}, ""r&s"": {""srb_left"": 15, ""srb_right"": 15}, ""atr"": {""atr_length"": 14, ""atr_mult"": 1.0}}",ZHONGAN SERVICE,1D,,,,,,
2026-05-29 00:00:00,Long,02367,28.67,11.25%,24.52,utb,参数一,"{""utb"": {""key_value"": 2, ""atr_period"": 14, ""use_ha"": false}, ""r&s"": {""srb_left"": 10, ""srb_right"": 10}, ""atr"": {""atr_length"": 14, ""atr_mult"": 1.0}}",GIANT BIOGENE,1D,,,,,,
2026-05-29 00:00:00,Short,02378,113.4,-1.48%,118.48,utb,参数二,"{""utb"": {""key_value"": 3, ""atr_period"": 14, ""use_ha"": false}, ""r&s"": {""srb_left"": 15, ""srb_right"": 15}, ""atr"": {""atr_length"": 14, ""atr_mult"": 1.0}}",PRU,1D,,,,,,
2026-05-29 00:00:00,Long,02380,3.72,4.20%,3.44,sqz,参数二,"{""sqz"": {""bb_length"": 20, ""bb_mult"": 1.8, ""kc_length"": 20, ""kc_mult"": 1.5, ""min_sqz_bars"": 4}, ""r&s"": {""srb_left"": 15, ""srb_right"": 15}, ""atr"": {""atr_length"": 14, ""atr_mult"": 1.0}}",CHINA POWER,1D,一直释放,3.23-3.52-3.53-3.34-3.5,高-高-低-高,8.98%-0.28%-5.38%-4.79%,51.0,11.82
2026-05-29 00:00:00,Short,02402,15.34,-2.36%,17.09,sqz,参数一,"{""sqz"": {""bb_length"": 15, ""bb_mult"": 1.5, ""kc_length"": 15, ""kc_mult"": 1.2, ""min_sqz_bars"": 4}, ""r&s"": {""srb_left"": 10, ""srb_right"": 10}, ""atr"": {""atr_length"": 14, ""atr_mult"": 1.0}}",SINOHYTEC,1D,支撑释放,20.08-22.64-22.5-19.2-15.7,高-低-低-低,12.75%-0.62%-14.67%-18.23%,18.0,35.67
2026-05-29 00:00:00,Long,02410,9.14,5.66%,7.86,utb,参数一,"{""utb"": {""key_value"": 2, ""atr_period"": 14, ""use_ha"": false}, ""r&s"": {""srb_left"": 10, ""srb_right"": 10}, ""atr"": {""atr_length"": 14, ""atr_mult"": 1.0}}",TYK MEDICINES-B,1D,,,,,,
2026-05-29 00:00:00,Short,02432,31.04,-2.45%,34.34,utb,参数一,"{""utb"": {""key_value"": 2, ""atr_period"": 14, ""use_ha"": false}, ""r&s"": {""srb_left"": 10, ""srb_right"": 10}, ""atr"": {""atr_length"": 14, ""atr_mult"": 1.0}}",DOBOT,1D,,,,,,
2026-05-29 00:00:00,Short,02436,22.3,-2.87%,23.81,utb,参数一,"{""utb"": {""key_value"": 2, ""atr_period"": 14, ""use_ha"": false}, ""r&s"": {""srb_left"": 10, ""srb_right"": 10}, ""atr"": {""atr_length"": 14, ""atr_mult"": 1.0}}",LX TECHNOLOGY,1D,,,,,,
2026-05-29 00:00:00,Long,02460,8.2,7.61%,7.38,utb,参数一,"{""utb"": {""key_value"": 2, ""atr_period"": 14, ""use_ha"": false}, ""r&s"": {""srb_left"": 10, ""srb_right"": 10}, ""atr"": {""atr_length"": 14, ""atr_mult"": 1.0}}",CR BEVERAGE,1D,,,,,,
2026-05-29 00:00:00,Long,02507,38.56,18.79%,31.23,utb,参数一,"{""utb"": {""key_value"": 2, ""atr_period"": 14, ""use_ha"": false}, ""r&s"": {""srb_left"": 10, ""srb_right"": 10}, ""atr"": {""atr_length"": 14, ""atr_mult"": 1.0}}",CIRRUS,1D,,,,,,
2026-05-29 00:00:00,Long,02507,38.56,18.79%,31.23,utb,参数二,"{""utb"": {""key_value"": 3, ""atr_period"": 14, ""use_ha"": false}, ""r&s"": {""srb_left"": 15, ""srb_right"": 15}, ""atr"": {""atr_length"": 14, ""atr_mult"": 1.0}}",CIRRUS,1D,,,,,,
2026-05-29 00:00:00,Short,02533,14.87,-3.25%,16.43,sqz,参数二,"{""sqz"": {""bb_length"": 20, ""bb_mult"": 1.8, ""kc_length"": 20, ""kc_mult"": 1.5, ""min_sqz_bars"": 4}, ""r&s"": {""srb_left"": 15, ""srb_right"": 15}, ""atr"": {""atr_length"": 14, ""atr_mult"": 1.0}}",BLACK SESAME,1D,一直亮红,17.3-18.11-18.71-18.2-14.92,高-高-低-低,4.68%-3.31%-2.73%-18.02%,36.0,26.61
2026-05-29 00:00:00,Short,02549,4.46,-1.98%,4.76,sqz,参数一,"{""sqz"": {""bb_length"": 15, ""bb_mult"": 1.5, ""kc_length"": 15, ""kc_mult"": 1.2, ""min_sqz_bars"": 4}, ""r&s"": {""srb_left"": 10, ""srb_right"": 10}, ""atr"": {""atr_length"": 14, ""atr_mult"": 1.0}}",CAROTE LTD,1D,支撑释放,4.47-4.28-4.46-4.23-4.5,低-高-低-高,4.25%-4.21%-5.16%-6.38%,16.0,7.56
2026-05-29 00:00:00,Short,02550,1.7,-10.99%,2.03,sqz,参数一,"{""sqz"": {""bb_length"": 15, ""bb_mult"": 1.5, ""kc_length"": 15, ""kc_mult"": 1.2, ""min_sqz_bars"": 4}, ""r&s"": {""srb_left"": 10, ""srb_right"": 10}, ""atr"": {""atr_length"": 14, ""atr_mult"": 1.0}}",EASOU TECH,1D,支撑释放,3.01-3.0-2.18-1.71-1.86,低-低-低-高,0.33%-27.33%-21.56%-8.77%,13.0,16.13
2026-05-29 00:00:00,Short,02590,14.72,-7.77%,17.56,sqz,参数一,"{""sqz"": {""bb_length"": 15, ""bb_mult"": 1.5, ""kc_length"": 15, ""kc_mult"": 1.2, ""min_sqz_bars"": 4}, ""r&s"": {""srb_left"": 10, ""srb_right"": 10}, ""atr"": {""atr_length"": 14, ""atr_mult"": 1.0}}",GEEKPLUS-W,1D,支撑释放,nan-16.71-20.38-21.68-16.83,低-高-高-低,nan%-21.96%-6.38%-22.37%,38.0,19.43
2026-05-29 00:00:00,Short,02590,14.72,-7.77%,17.56,sqz,参数二,"{""sqz"": {""bb_length"": 20, ""bb_mult"": 1.8, ""kc_length"": 20, ""kc_mult"": 1.5, ""min_sqz_bars"": 4}, ""r&s"": {""srb_left"": 15, ""srb_right"": 15}, ""atr"": {""atr_length"": 14, ""atr_mult"": 1.0}}",GEEKPLUS-W,1D,支撑释放,nan-16.71-20.38-21.68-16.83,低-高-高-低,nan%-21.96%-6.38%-22.37%,38.0,19.43
2026-05-29 00:00:00,Long,02597,46.0,6.98%,39.67,utb,参数一,"{""utb"": {""key_value"": 2, ""atr_period"": 14, ""use_ha"": false}, ""r&s"": {""srb_left"": 10, ""srb_right"": 10}, ""atr"": {""atr_length"": 14, ""atr_mult"": 1.0}}",XUNZHONG,1D,,,,,,
2026-05-29 00:00:00,Long,02597,46.0,6.98%,39.67,sqz,参数二,"{""sqz"": {""bb_length"": 20, ""bb_mult"": 1.8, ""kc_length"": 20, ""kc_mult"": 1.5, ""min_sqz_bars"": 4}, ""r&s"": {""srb_left"": 15, ""srb_right"": 15}, ""atr"": {""atr_length"": 14, ""atr_mult"": 1.0}}",XUNZHONG,1D,一直释放,nan-22.1-15.8-42.0,低-低-高,nan%-28.51%-165.82%,48.0,63.3
2026-05-29 00:00:00,Long,02602,17.6,7.78%,15.84,utb,参数一,"{""utb"": {""key_value"": 2, ""atr_period"": 14, ""use_ha"": false}, ""r&s"": {""srb_left"": 10, ""srb_right"": 10}, ""atr"": {""atr_length"": 14, ""atr_mult"": 1.0}}",ONEWO,1D,,,,,,
2026-05-29 00:00:00,Long,02638,6.45,1.57%,6.28,utb,参数一,"{""utb"": {""key_value"": 2, ""atr_period"": 14, ""use_ha"": false}, ""r&s"": {""srb_left"": 10, ""srb_right"": 10}, ""atr"": {""atr_length"": 14, ""atr_mult"": 1.0}}",HKELECTRIC-SS,1D,,,,,,
2026-05-29 00:00:00,Long,02638,6.45,1.57%,6.28,utb,参数二,"{""utb"": {""key_value"": 3, ""atr_period"": 14, ""use_ha"": false}, ""r&s"": {""srb_left"": 15, ""srb_right"": 15}, ""atr"": {""atr_length"": 14, ""atr_mult"": 1.0}}",HKELECTRIC-SS,1D,,,,,,
2026-05-29 00:00:00,Short,02658,52.2,-11.82%,64.58,utb,参数一,"{""utb"": {""key_value"": 2, ""atr_period"": 14, ""use_ha"": false}, ""r&s"": {""srb_left"": 10, ""srb_right"": 10}, ""atr"": {""atr_length"": 14, ""atr_mult"": 1.0}}",TIANYU SEMI,1D,,,,,,
2026-05-29 00:00:00,Short,02692,63.0,-7.89%,75.14,utb,参数一,"{""utb"": {""key_value"": 2, ""atr_period"": 14, ""use_ha"": false}, ""r&s"": {""srb_left"": 10, ""srb_right"": 10}, ""atr"": {""atr_length"": 14, ""atr_mult"": 1.0}}",ZHAOWEI,1D,,,,,,
2026-05-29 00:00:00,Short,02715,16.84,-7.17%,21.12,utb,参数一,"{""utb"": {""key_value"": 2, ""atr_period"": 14, ""use_ha"": false}, ""r&s"": {""srb_left"": 10, ""srb_right"": 10}, ""atr"": {""atr_length"": 14, ""atr_mult"": 1.0}}",ESTUN,1D,,,,,,
2026-05-29 00:00:00,Short,03268,23.84,-13.50%,29.9,utb,参数一,"{""utb"": {""key_value"": 2, ""atr_period"": 14, ""use_ha"": false}, ""r&s"": {""srb_left"": 10, ""srb_right"": 10}, ""atr"": {""atr_length"": 14, ""atr_mult"": 1.0}}",MEIG,1D,,,,,,
2026-05-29 00:00:00,Long,03380,1.32,3.13%,1.2,utb,参数一,"{""utb"": {""key_value"": 2, ""atr_period"": 14, ""use_ha"": false}, ""r&s"": {""srb_left"": 10, ""srb_right"": 10}, ""atr"": {""atr_length"": 14, ""atr_mult"": 1.0}}",LOGAN GROUP,1D,,,,,,
2026-05-29 00:00:00,Short,03393,21.66,-4.33%,24.56,sqz,参数二,"{""sqz"": {""bb_length"": 20, ""bb_mult"": 1.8, ""kc_length"": 20, ""kc_mult"": 1.5, ""min_sqz_bars"": 4}, ""r&s"": {""srb_left"": 15, ""srb_right"": 15}, ""atr"": {""atr_length"": 14, ""atr_mult"": 1.0}}",WASION HOLDINGS,1D,支撑释放,6.5-6.88-8.19-12.17-23.31,高-高-高-高,5.73%-19.12%-48.50%-91.61%,54.0,42.26
2026-05-29 00:00:00,Short,03636,18.65,0.00%,21.66,sqz,参数二,"{""sqz"": {""bb_length"": 20, ""bb_mult"": 1.8, ""kc_length"": 20, ""kc_mult"": 1.5, ""min_sqz_bars"": 4}, ""r&s"": {""srb_left"": 15, ""srb_right"": 15}, ""atr"": {""atr_length"": 14, ""atr_mult"": 1.0}}",JINXUN RESOURCE,1D,支撑释放,nan-20.0,低,nan%,44.0,40.0
2026-05-29 00:00:00,Short,03698,4.85,-3.00%,5.1,utb,参数一,"{""utb"": {""key_value"": 2, ""atr_period"": 14, ""use_ha"": false}, ""r&s"": {""srb_left"": 10, ""srb_right"": 10}, ""atr"": {""atr_length"": 14, ""atr_mult"": 1.0}}",HUISHANG BANK,1D,,,,,,
2026-05-29 00:00:00,Short,03709,5.9,-0.84%,6.25,sqz,参数一,"{""sqz"": {""bb_length"": 15, ""bb_mult"": 1.5, ""kc_length"": 15, ""kc_mult"": 1.2, ""min_sqz_bars"": 4}, ""r&s"": {""srb_left"": 10, ""srb_right"": 10}, ""atr"": {""atr_length"": 14, ""atr_mult"": 1.0}}",EEKA FASHION,1D,支撑释放,7.23-7.4-7.63-6.56-6.06,高-高-低-低,2.35%-3.11%-14.02%-7.62%,34.0,13.86
2026-05-29 00:00:00,Short,03881,21.46,-6.94%,25.48,utb,参数二,"{""utb"": {""key_value"": 3, ""atr_period"": 14, ""use_ha"": false}, ""r&s"": {""srb_left"": 15, ""srb_right"": 15}, ""atr"": {""atr_length"": 14, ""atr_mult"": 1.0}}",CIDI,1D,,,,,,
2026-05-29 00:00:00,Long,03997,2.79,30.37%,1.94,sqz,参数一,"{""sqz"": {""bb_length"": 15, ""bb_mult"": 1.5, ""kc_length"": 15, ""kc_mult"": 1.2, ""min_sqz_bars"": 4}, ""r&s"": {""srb_left"": 10, ""srb_right"": 10}, ""atr"": {""atr_length"": 14, ""atr_mult"": 1.0}}",TSO,1D,压力释放,0.76-0.75-0.86-1.1-2.18,低-高-高-高,1.32%-14.67%-27.91%-98.18%,18.0,36.25
2026-05-29 00:00:00,Long,03997,2.79,30.37%,1.94,sqz,参数二,"{""sqz"": {""bb_length"": 20, ""bb_mult"": 1.8, ""kc_length"": 20, ""kc_mult"": 1.5, ""min_sqz_bars"": 4}, ""r&s"": {""srb_left"": 15, ""srb_right"": 15}, ""atr"": {""atr_length"": 14, ""atr_mult"": 1.0}}",TSO,1D,压力释放,0.76-0.86-1.1-2.18,高-高-高,13.16%-27.91%-98.18%,18.0,36.25
2026-05-29 00:00:00,Long,06036,1.73,78.35%,0.78,utb,参数一,"{""utb"": {""key_value"": 2, ""atr_period"": 14, ""use_ha"": false}, ""r&s"": {""srb_left"": 10, ""srb_right"": 10}, ""atr"": {""atr_length"": 14, ""atr_mult"": 1.0}}",APEX ACE HLDG,1D,,,,,,
2026-05-29 00:00:00,Long,06036,1.73,78.35%,0.78,sqz,参数一,"{""sqz"": {""bb_length"": 15, ""bb_mult"": 1.5, ""kc_length"": 15, ""kc_mult"": 1.2, ""min_sqz_bars"": 4}, ""r&s"": {""srb_left"": 10, ""srb_right"": 10}, ""atr"": {""atr_length"": 14, ""atr_mult"": 1.0}}",APEX ACE HLDG,1D,压力释放,0.47-0.5-0.66-0.53-1.55,高-高-低-高,7.53%-32.00%-19.70%-192.45%,20.0,109.46
2026-05-29 00:00:00,Long,06036,1.73,78.35%,0.78,utb,参数二,"{""utb"": {""key_value"": 3, ""atr_period"": 14, ""use_ha"": false}, ""r&s"": {""srb_left"": 15, ""srb_right"": 15}, ""atr"": {""atr_length"": 14, ""atr_mult"": 1.0}}",APEX ACE HLDG,1D,,,,,,
2026-05-29 00:00:00,Long,06082,61.75,14.67%,51.3,utb,参数一,"{""utb"": {""key_value"": 2, ""atr_period"": 14, ""use_ha"": false}, ""r&s"": {""srb_left"": 10, ""srb_right"": 10}, ""atr"": {""atr_length"": 14, ""atr_mult"": 1.0}}",BIREN TECH,1D,,,,,,
2026-05-29 00:00:00,Short,06185,25.82,1.41%,27.82,sqz,参数一,"{""sqz"": {""bb_length"": 15, ""bb_mult"": 1.5, ""kc_length"": 15, ""kc_mult"": 1.2, ""min_sqz_bars"": 4}, ""r&s"": {""srb_left"": 10, ""srb_right"": 10}, ""atr"": {""atr_length"": 14, ""atr_mult"": 1.0}}",CANSINOBIO,1D,支撑释放,41.3-34.44-31.0-30.34-26.36,低-低-低-低,16.61%-9.99%-2.13%-13.12%,18.0,21.32
2026-05-29 00:00:00,Short,06600,92.8,-6.40%,108.32,utb,参数一,"{""utb"": {""key_value"": 2, ""atr_period"": 14, ""use_ha"": false}, ""r&s"": {""srb_left"": 10, ""srb_right"": 10}, ""atr"": {""atr_length"": 14, ""atr_mult"": 1.0}}",ONEROBOTICS,1D,,,,,,
2026-05-29 00:00:00,Long,06626,1.8,3.45%,1.7,utb,参数一,"{""utb"": {""key_value"": 2, ""atr_period"": 14, ""use_ha"": false}, ""r&s"": {""srb_left"": 10, ""srb_right"": 10}, ""atr"": {""atr_length"": 14, ""atr_mult"": 1.0}}",YUEXIU SERVICES,1D,,,,,,
2026-05-29 00:00:00,Short,06651,96.95,-16.42%,134.55,utb,参数一,"{""utb"": {""key_value"": 2, ""atr_period"": 14, ""use_ha"": false}, ""r&s"": {""srb_left"": 10, ""srb_right"": 10}, ""atr"": {""atr_length"": 14, ""atr_mult"": 1.0}}",51WORLD,1D,,,,,,
2026-05-29 00:00:00,Long,06829,2.28,15.74%,1.75,utb,参数一,"{""utb"": {""key_value"": 2, ""atr_period"": 14, ""use_ha"": false}, ""r&s"": {""srb_left"": 10, ""srb_right"": 10}, ""atr"": {""atr_length"": 14, ""atr_mult"": 1.0}}",DRAGON RISE GP,1D,,,,,,
2026-05-29 00:00:00,Short,06889,2.99,-6.27%,3.2,sqz,参数一,"{""sqz"": {""bb_length"": 15, ""bb_mult"": 1.5, ""kc_length"": 15, ""kc_mult"": 1.2, ""min_sqz_bars"": 4}, ""r&s"": {""srb_left"": 10, ""srb_right"": 10}, ""atr"": {""atr_length"": 14, ""atr_mult"": 1.0}}",DYNAM JAPAN,1D,支撑释放,3.46-3.25-3.28-3.31-3.1,低-高-高-低,5.87%-0.84%-0.91%-6.34%,50.0,13.55
2026-05-29 00:00:00,Short,06889,2.99,-6.27%,3.2,sqz,参数二,"{""sqz"": {""bb_length"": 20, ""bb_mult"": 1.8, ""kc_length"": 20, ""kc_mult"": 1.5, ""min_sqz_bars"": 4}, ""r&s"": {""srb_left"": 15, ""srb_right"": 15}, ""atr"": {""atr_length"": 14, ""atr_mult"": 1.0}}",DYNAM JAPAN,1D,支撑释放,3.39-3.25-3.28-3.31-3.1,低-高-高-低,3.99%-0.84%-0.91%-6.34%,50.0,13.55
2026-05-29 00:00:00,Short,06911,2.4,-13.04%,2.98,sqz,参数二,"{""sqz"": {""bb_length"": 20, ""bb_mult"": 1.8, ""kc_length"": 20, ""kc_mult"": 1.5, ""min_sqz_bars"": 4}, ""r&s"": {""srb_left"": 15, ""srb_right"": 15}, ""atr"": {""atr_length"": 14, ""atr_mult"": 1.0}}",LANCANG TEA,1D,一直亮红,nan-3.0-2.8-2.5,低-低-低,nan%-6.67%-10.71%,100.0,60.0
2026-05-29 00:00:00,Short,09611,23.3,-7.39%,27.9,utb,参数一,"{""utb"": {""key_value"": 2, ""atr_period"": 14, ""use_ha"": false}, ""r&s"": {""srb_left"": 10, ""srb_right"": 10}, ""atr"": {""atr_length"": 14, ""atr_mult"": 1.0}}",LONGCHEER,1D,,,,,,
2026-05-29 00:00:00,Short,09636,27.46,-1.15%,30.38,sqz,参数一,"{""sqz"": {""bb_length"": 15, ""bb_mult"": 1.5, ""kc_length"": 15, ""kc_mult"": 1.2, ""min_sqz_bars"": 4}, ""r&s"": {""srb_left"": 10, ""srb_right"": 10}, ""atr"": {""atr_length"": 14, ""atr_mult"": 1.0}}",JF SMARTINVEST,1D,一直亮红,62.23-50.3-46.84-32.64-27.54,低-低-低-低,19.17%-6.88%-30.32%-15.62%,38.0,43.86
2026-05-29 00:00:00,Short,09636,27.46,-1.15%,30.38,sqz,参数二,"{""sqz"": {""bb_length"": 20, ""bb_mult"": 1.8, ""kc_length"": 20, ""kc_mult"": 1.5, ""min_sqz_bars"": 4}, ""r&s"": {""srb_left"": 15, ""srb_right"": 15}, ""atr"": {""atr_length"": 14, ""atr_mult"": 1.0}}",JF SMARTINVEST,1D,一直亮红,36.89-44.03-50.3-46.84-27.54,高-高-低-低,19.36%-14.24%-6.88%-41.20%,38.0,43.86
2026-05-29 00:00:00,Short,09877,8.15,-1.69%,8.95,sqz,参数二,"{""sqz"": {""bb_length"": 20, ""bb_mult"": 1.8, ""kc_length"": 20, ""kc_mult"": 1.5, ""min_sqz_bars"": 4}, ""r&s"": {""srb_left"": 15, ""srb_right"": 15}, ""atr"": {""atr_length"": 14, ""atr_mult"": 1.0}}",JENSCARE-B,1D,一直亮红,3.38-7.82-8.33-7.04-8.28,高-高-低-高,131.36%-6.52%-15.49%-17.61%,31.0,20.77
2026-05-29 00:00:00,Short,09880,102.2,-6.92%,118.38,utb,参数二,"{""utb"": {""key_value"": 3, ""atr_period"": 14, ""use_ha"": false}, ""r&s"": {""srb_left"": 15, ""srb_right"": 15}, ""atr"": {""atr_length"": 14, ""atr_mult"": 1.0}}",UBTECH ROBOTICS,1D,,,,,,
2026-05-29 00:00:00,Long,09890,13.8,13.86%,11.32,utb,参数一,"{""utb"": {""key_value"": 2, ""atr_period"": 14, ""use_ha"": false}, ""r&s"": {""srb_left"": 10, ""srb_right"": 10}, ""atr"": {""atr_length"": 14, ""atr_mult"": 1.0}}",TANWAN,1D,,,,,,
2026-05-29 00:00:00,Short,09929,1.67,-2.34%,1.92,utb,参数一,"{""utb"": {""key_value"": 2, ""atr_period"": 14, ""use_ha"": false}, ""r&s"": {""srb_left"": 10, ""srb_right"": 10}, ""atr"": {""atr_length"": 14, ""atr_mult"": 1.0}}",SEM HLDGS,1D,,,,,,
2026-05-29 00:00:00,Long,09992,173.4,7.37%,153.5,utb,参数二,"{""utb"": {""key_value"": 3, ""atr_period"": 14, ""use_ha"": false}, ""r&s"": {""srb_left"": 15, ""srb_right"": 15}, ""atr"": {""atr_length"": 14, ""atr_mult"": 1.0}}",POP MART,1D,,,,,,
